,state,birth_year,birth_month,LBW_ratio,latitude,longitude
0,Alabama,2016.0,1,0.10918941446134611,32.7794,-86.8287
1,Alabama,2016.0,10,0.10273972602739725,32.7794,-86.8287
2,Alabama,2016.0,11,0.10775510204081633,32.7794,-86.8287
3,Alabama,2016.0,12,0.10604217356042174,32.7794,-86.8287
4,Alabama,2016.0,2,0.08847867600254615,32.7794,-86.8287
5,Alabama,2016.0,3,0.10356994603569947,32.7794,-86.8287
6,Alabama,2016.0,4,0.10473870682019486,32.7794,-86.8287
7,Alabama,2016.0,5,0.10287979966611019,32.7794,-86.8287
8,Alabama,2016.0,6,0.10517959912681088,32.7794,-86.8287
9,Alabama,2016.0,7,0.10722795869737888,32.7794,-86.8287
10,Alabama,2016.0,8,0.09832675314908818,32.7794,-86.8287
11,Alabama,2016.0,9,0.10170139552666795,32.7794,-86.8287
12,Alabama,2017.0,1,0.10038610038610038,32.7794,-86.8287
13,Alabama,2017.0,10,0.10655575361457714,32.7794,-86.8287
14,Alabama,2017.0,11,0.11419939577039274,32.7794,-86.8287
15,Alabama,2017.0,12,0.10358239508700103,32.7794,-86.8287
16,Alabama,2017.0,2,0.0919207656354329,32.7794,-86.8287
17,Alabama,2017.0,3,0.09941642350979575,32.7794,-86.8287
18,Alabama,2017.0,4,0.0954337899543379,32.7794,-86.8287
19,Alabama,2017.0,5,0.10035766884073218,32.7794,-86.8287
20,Alabama,2017.0,6,0.09357454772301933,32.7794,-86.8287
21,Alabama,2017.0,7,0.10646312450436161,32.7794,-86.8287
22,Alabama,2017.0,8,0.10463432295438088,32.7794,-86.8287
23,Alabama,2017.0,9,0.10409064720568466,32.7794,-86.8287
24,Alabama,2018.0,1,0.11067921440261866,32.7794,-86.8287
25,Alabama,2018.0,10,0.10882176435287057,32.7794,-86.8287
26,Alabama,2018.0,11,0.11238293444328824,32.7794,-86.8287
27,Alabama,2018.0,12,0.11763518966908798,32.7794,-86.8287
28,Alabama,2018.0,2,0.10585793357933579,32.7794,-86.8287
29,Alabama,2018.0,3,0.09534834771627027,32.7794,-86.8287
30,Alabama,2018.0,4,0.10976998405830107,32.7794,-86.8287
31,Alabama,2018.0,5,0.10697090223989952,32.7794,-86.8287
32,Alabama,2018.0,6,0.10023114099600756,32.7794,-86.8287
33,Alabama,2018.0,7,0.1121476373960657,32.7794,-86.8287
34,Alabama,2018.0,8,0.09811751283513977,32.7794,-86.8287
35,Alabama,2018.0,9,0.10058309037900874,32.7794,-86.8287
36,Alabama,2019.0,1,0.10741993236522777,32.7794,-86.8287
37,Alabama,2019.0,10,0.10726643598615918,32.7794,-86.8287
38,Alabama,2019.0,11,0.11164742917103883,32.7794,-86.8287
39,Alabama,2019.0,12,0.10225711481844946,32.7794,-86.8287
40,Alabama,2019.0,2,0.10063752276867031,32.7794,-86.8287
41,Alabama,2019.0,3,0.09765797613787008,32.7794,-86.8287
42,Alabama,2019.0,4,0.095122489516663,32.7794,-86.8287
43,Alabama,2019.0,5,0.10548259328747134,32.7794,-86.8287
44,Alabama,2019.0,6,0.11464397671294223,32.7794,-86.8287
45,Alabama,2019.0,7,0.10219410950780787,32.7794,-86.8287
46,Alabama,2019.0,8,0.1072803961122318,32.7794,-86.8287
47,Alabama,2019.0,9,0.10338885697874785,32.7794,-86.8287
48,Alabama,2020.0,1,0.10247063588497367,32.7794,-86.8287
49,Alabama,2020.0,10,0.11024942360092224,32.7794,-86.8287
50,Alabama,2020.0,11,0.10773357174787662,32.7794,-86.8287
51,Alabama,2020.0,12,0.10995299407316575,32.7794,-86.8287
52,Alabama,2020.0,2,0.10973411446597567,32.7794,-86.8287
53,Alabama,2020.0,3,0.10092320604280319,32.7794,-86.8287
54,Alabama,2020.0,4,0.10903905221588416,32.7794,-86.8287
55,Alabama,2020.0,5,0.10247271107150813,32.7794,-86.8287
56,Alabama,2020.0,6,0.11373121869782972,32.7794,-86.8287
57,Alabama,2020.0,7,0.111303012857417,32.7794,-86.8287
58,Alabama,2020.0,8,0.10009643201542913,32.7794,-86.8287
59,Alabama,2020.0,9,0.10625501202886929,32.7794,-86.8287
60,Alaska,2016.0,1,0.039301310043668124,64.0685,-152.278
61,Alaska,2016.0,10,0.05813953488372093,64.0685,-152.278
62,Alaska,2016.0,11,0.04914285714285714,64.0685,-152.278
63,Alaska,2016.0,12,0.05215419501133787,64.0685,-152.278
64,Alaska,2016.0,2,0.04106280193236715,64.0685,-152.278
65,Alaska,2016.0,3,0.04821802935010482,64.0685,-152.278
66,Alaska,2016.0,4,0.05432372505543237,64.0685,-152.278
67,Alaska,2016.0,5,0.04439746300211417,64.0685,-152.278
68,Alaska,2016.0,6,0.0443298969072165,64.0685,-152.278
69,Alaska,2016.0,7,0.045989304812834225,64.0685,-152.278
70,Alaska,2016.0,8,0.03965702036441586,64.0685,-152.278
71,Alaska,2016.0,9,0.03854389721627409,64.0685,-152.278
72,Alaska,2017.0,1,0.0663265306122449,64.0685,-152.278
73,Alaska,2017.0,10,0.05620608899297424,64.0685,-152.278
74,Alaska,2017.0,11,0.034047919293820936,64.0685,-152.278
75,Alaska,2017.0,12,0.04807692307692308,64.0685,-152.278
76,Alaska,2017.0,2,0.04903225806451613,64.0685,-152.278
77,Alaska,2017.0,3,0.06152125279642058,64.0685,-152.278
78,Alaska,2017.0,4,0.05627198124267292,64.0685,-152.278
79,Alaska,2017.0,5,0.03096330275229358,64.0685,-152.278
80,Alaska,2017.0,6,0.06404494382022471,64.0685,-152.278
81,Alaska,2017.0,7,0.04314159292035398,64.0685,-152.278
82,Alaska,2017.0,8,0.042391304347826085,64.0685,-152.278
83,Alaska,2017.0,9,0.05183585313174946,64.0685,-152.278
84,Alaska,2018.0,1,0.04720496894409938,64.0685,-152.278
85,Alaska,2018.0,10,0.03496503496503497,64.0685,-152.278
86,Alaska,2018.0,11,0.02656042496679947,64.0685,-152.278
87,Alaska,2018.0,12,0.059113300492610835,64.0685,-152.278
88,Alaska,2018.0,2,0.060209424083769635,64.0685,-152.278
89,Alaska,2018.0,3,0.044673539518900345,64.0685,-152.278
90,Alaska,2018.0,4,0.0539568345323741,64.0685,-152.278
91,Alaska,2018.0,5,0.04382929642445214,64.0685,-152.278
92,Alaska,2018.0,6,0.05568445475638051,64.0685,-152.278
93,Alaska,2018.0,7,0.03015075376884422,64.0685,-152.278
94,Alaska,2018.0,8,0.05646036916395222,64.0685,-152.278
95,Alaska,2018.0,9,0.05808080808080808,64.0685,-152.278
96,Alaska,2019.0,1,0.07068062827225131,64.0685,-152.278
97,Alaska,2019.0,10,0.04298356510745891,64.0685,-152.278
98,Alaska,2019.0,11,0.06599713055954089,64.0685,-152.278
99,Alaska,2019.0,12,0.0724450194049159,64.0685,-152.278
100,Alaska,2019.0,2,0.04588394062078273,64.0685,-152.278
101,Alaska,2019.0,3,0.03121387283236994,64.0685,-152.278
102,Alaska,2019.0,4,0.047044632086851626,64.0685,-152.278
103,Alaska,2019.0,5,0.038318912237330034,64.0685,-152.278
104,Alaska,2019.0,6,0.04025157232704402,64.0685,-152.278
105,Alaska,2019.0,7,0.04961411245865491,64.0685,-152.278
106,Alaska,2019.0,8,0.05357142857142857,64.0685,-152.278
107,Alaska,2019.0,9,0.041128084606345476,64.0685,-152.278
108,Alaska,2020.0,1,0.07142857142857142,64.0685,-152.278
109,Alaska,2020.0,10,0.04591836734693878,64.0685,-152.278
110,Alaska,2020.0,11,0.04289544235924933,64.0685,-152.278
111,Alaska,2020.0,12,0.05443037974683544,64.0685,-152.278
112,Alaska,2020.0,2,0.03868194842406877,64.0685,-152.278
113,Alaska,2020.0,3,0.04342105263157895,64.0685,-152.278
114,Alaska,2020.0,4,0.04065040650406504,64.0685,-152.278
115,Alaska,2020.0,5,0.06553398058252427,64.0685,-152.278
116,Alaska,2020.0,6,0.0440251572327044,64.0685,-152.278
117,Alaska,2020.0,7,0.05483028720626632,64.0685,-152.278
118,Alaska,2020.0,8,0.0392156862745098,64.0685,-152.278
119,Alaska,2020.0,9,0.06265356265356266,64.0685,-152.278
120,California,2016.0,1,0.06766133746791043,37.1841,-119.469
121,California,2016.0,10,0.0685255757805288,37.1841,-119.469
122,California,2016.0,11,0.06975579211020663,37.1841,-119.469
123,California,2016.0,12,0.06964927500309828,37.1841,-119.469
124,California,2016.0,2,0.06901296639322572,37.1841,-119.469
125,California,2016.0,3,0.06753615386497663,37.1841,-119.469
126,California,2016.0,4,0.06960484748044952,37.1841,-119.469
127,California,2016.0,5,0.071605499949449,37.1841,-119.469
128,California,2016.0,6,0.0677829738019812,37.1841,-119.469
129,California,2016.0,7,0.06980199225504762,37.1841,-119.469
130,California,2016.0,8,0.06617369484600182,37.1841,-119.469
131,California,2016.0,9,0.06541992673330017,37.1841,-119.469
132,California,2017.0,1,0.07179513236116052,37.1841,-119.469
133,California,2017.0,10,0.06838939630207173,37.1841,-119.469
134,California,2017.0,11,0.06903571612637222,37.1841,-119.469
135,California,2017.0,12,0.06940432508392537,37.1841,-119.469
136,California,2017.0,2,0.0671629353924782,37.1841,-119.469
137,California,2017.0,3,0.06801104125134182,37.1841,-119.469
138,California,2017.0,4,0.06940011900254232,37.1841,-119.469
139,California,2017.0,5,0.068248730964467,37.1841,-119.469
140,California,2017.0,6,0.06847415851498113,37.1841,-119.469
141,California,2017.0,7,0.07042775594929201,37.1841,-119.469
142,California,2017.0,8,0.06763925729442971,37.1841,-119.469
143,California,2017.0,9,0.06773897945403685,37.1841,-119.469
144,California,2018.0,1,0.07053431115767418,37.1841,-119.469
145,California,2018.0,10,0.06985621580353735,37.1841,-119.469
146,California,2018.0,11,0.07270532034961548,37.1841,-119.469
147,California,2018.0,12,0.06853068716911863,37.1841,-119.469
148,California,2018.0,2,0.06821017204862623,37.1841,-119.469
149,California,2018.0,3,0.07056147681891513,37.1841,-119.469
150,California,2018.0,4,0.07061138439915671,37.1841,-119.469
151,California,2018.0,5,0.0723188018186681,37.1841,-119.469
152,California,2018.0,6,0.07005449591280653,37.1841,-119.469
153,California,2018.0,7,0.06953491895167399,37.1841,-119.469
154,California,2018.0,8,0.06802092202895024,37.1841,-119.469
155,California,2018.0,9,0.06666837283103855,37.1841,-119.469
156,California,2019.0,1,0.07331692175960612,37.1841,-119.469
157,California,2019.0,10,0.06864441278241401,37.1841,-119.469
158,California,2019.0,11,0.07280246468122901,37.1841,-119.469
159,California,2019.0,12,0.07250267057437892,37.1841,-119.469
160,California,2019.0,2,0.07027680334876042,37.1841,-119.469
161,California,2019.0,3,0.07131891513372296,37.1841,-119.469
162,California,2019.0,4,0.0695550418129406,37.1841,-119.469
163,California,2019.0,5,0.07065595716198125,37.1841,-119.469
164,California,2019.0,6,0.07017346881491046,37.1841,-119.469
165,California,2019.0,7,0.07226582407501783,37.1841,-119.469
166,California,2019.0,8,0.07073091930312896,37.1841,-119.469
167,California,2019.0,9,0.0698347855314528,37.1841,-119.469
168,California,2020.0,1,0.0698547821732599,37.1841,-119.469
169,California,2020.0,10,0.06891944552691644,37.1841,-119.469
170,California,2020.0,11,0.0635087298254035,37.1841,-119.469
171,California,2020.0,12,0.07066154451132824,37.1841,-119.469
172,California,2020.0,2,0.07099165335824269,37.1841,-119.469
173,California,2020.0,3,0.07121993127147766,37.1841,-119.469
174,California,2020.0,4,0.0685434879241369,37.1841,-119.469
175,California,2020.0,5,0.06710024926224106,37.1841,-119.469
176,California,2020.0,6,0.07265441240526178,37.1841,-119.469
177,California,2020.0,7,0.06799171619913397,37.1841,-119.469
178,California,2020.0,8,0.0691463611424883,37.1841,-119.469
179,California,2020.0,9,0.0693257098875725,37.1841,-119.469
180,Connecticut,2016.0,1,0.0885896527285613,41.6219,-72.7273
181,Connecticut,2016.0,10,0.07316239316239316,41.6219,-72.7273
182,Connecticut,2016.0,11,0.07917570498915401,41.6219,-72.7273
183,Connecticut,2016.0,12,0.08838469353200136,41.6219,-72.7273
184,Connecticut,2016.0,2,0.06999255398361877,41.6219,-72.7273
185,Connecticut,2016.0,3,0.08663532572196105,41.6219,-72.7273
186,Connecticut,2016.0,4,0.07470511140235911,41.6219,-72.7273
187,Connecticut,2016.0,5,0.07478427612655801,41.6219,-72.7273
188,Connecticut,2016.0,6,0.07156735751295337,41.6219,-72.7273
189,Connecticut,2016.0,7,0.06634920634920635,41.6219,-72.7273
190,Connecticut,2016.0,8,0.0757622420696027,41.6219,-72.7273
191,Connecticut,2016.0,9,0.07034527266860277,41.6219,-72.7273
192,Connecticut,2017.0,1,0.08634393063583815,41.6219,-72.7273
193,Connecticut,2017.0,10,0.0831353919239905,41.6219,-72.7273
194,Connecticut,2017.0,11,0.07407407407407407,41.6219,-72.7273
195,Connecticut,2017.0,12,0.07658157602663707,41.6219,-72.7273
196,Connecticut,2017.0,2,0.07374170893484198,41.6219,-72.7273
197,Connecticut,2017.0,3,0.08072653884964683,41.6219,-72.7273
198,Connecticut,2017.0,4,0.08707671043538355,41.6219,-72.7273
199,Connecticut,2017.0,5,0.08349769888231427,41.6219,-72.7273
200,Connecticut,2017.0,6,0.08325008325008325,41.6219,-72.7273
201,Connecticut,2017.0,7,0.07626279300099043,41.6219,-72.7273
202,Connecticut,2017.0,8,0.07523510971786834,41.6219,-72.7273
203,Connecticut,2017.0,9,0.07564634535588892,41.6219,-72.7273
204,Connecticut,2018.0,1,0.07574133619149696,41.6219,-72.7273
205,Connecticut,2018.0,10,0.07659850697825381,41.6219,-72.7273
206,Connecticut,2018.0,11,0.073706591070163,41.6219,-72.7273
207,Connecticut,2018.0,12,0.08547925608011445,41.6219,-72.7273
208,Connecticut,2018.0,2,0.08387096774193549,41.6219,-72.7273
209,Connecticut,2018.0,3,0.07875647668393783,41.6219,-72.7273
210,Connecticut,2018.0,4,0.07350304768734313,41.6219,-72.7273
211,Connecticut,2018.0,5,0.07175032175032175,41.6219,-72.7273
212,Connecticut,2018.0,6,0.07565337001375516,41.6219,-72.7273
213,Connecticut,2018.0,7,0.06601876675603217,41.6219,-72.7273
214,Connecticut,2018.0,8,0.06679700228087325,41.6219,-72.7273
215,Connecticut,2018.0,9,0.07199448846021357,41.6219,-72.7273
216,Connecticut,2019.0,1,0.08318393689494442,41.6219,-72.7273
217,Connecticut,2019.0,10,0.07377326565143824,41.6219,-72.7273
218,Connecticut,2019.0,11,0.07723728184181211,41.6219,-72.7273
219,Connecticut,2019.0,12,0.0736688548504741,41.6219,-72.7273
220,Connecticut,2019.0,2,0.07462106490478042,41.6219,-72.7273
221,Connecticut,2019.0,3,0.08233638282899367,41.6219,-72.7273
222,Connecticut,2019.0,4,0.07477638640429338,41.6219,-72.7273
223,Connecticut,2019.0,5,0.0712290502793296,41.6219,-72.7273
224,Connecticut,2019.0,6,0.0836864406779661,41.6219,-72.7273
225,Connecticut,2019.0,7,0.06653426017874876,41.6219,-72.7273
226,Connecticut,2019.0,8,0.0718525460793502,41.6219,-72.7273
227,Connecticut,2019.0,9,0.07827307827307828,41.6219,-72.7273
228,Connecticut,2020.0,1,0.08473967684021544,41.6219,-72.7273
229,Connecticut,2020.0,10,0.08029713477184294,41.6219,-72.7273
230,Connecticut,2020.0,11,0.08716323296354993,41.6219,-72.7273
231,Connecticut,2020.0,12,0.07662082514734773,41.6219,-72.7273
232,Connecticut,2020.0,2,0.08363490148773622,41.6219,-72.7273
233,Connecticut,2020.0,3,0.06975113915177007,41.6219,-72.7273
234,Connecticut,2020.0,4,0.07446808510638298,41.6219,-72.7273
235,Connecticut,2020.0,5,0.07940969782150387,41.6219,-72.7273
236,Connecticut,2020.0,6,0.0764685436218283,41.6219,-72.7273
237,Connecticut,2020.0,7,0.06617891586298637,41.6219,-72.7273
238,Connecticut,2020.0,8,0.07328447701532312,41.6219,-72.7273
239,Connecticut,2020.0,9,0.07676348547717843,41.6219,-72.7273
240,Delaware,2016.0,1,0.11242603550295859,38.9896,-75.505
241,Delaware,2016.0,10,0.07223476297968397,38.9896,-75.505
242,Delaware,2016.0,11,0.07888631090487239,38.9896,-75.505
243,Delaware,2016.0,12,0.06650544135429262,38.9896,-75.505
244,Delaware,2016.0,2,0.06257378984651712,38.9896,-75.505
245,Delaware,2016.0,3,0.08316430020283976,38.9896,-75.505
246,Delaware,2016.0,4,0.09688581314878893,38.9896,-75.505
247,Delaware,2016.0,5,0.08225108225108226,38.9896,-75.505
248,Delaware,2016.0,6,0.06947368421052631,38.9896,-75.505
249,Delaware,2016.0,7,0.06775956284153005,38.9896,-75.505
250,Delaware,2016.0,8,0.05825242718446602,38.9896,-75.505
251,Delaware,2016.0,9,0.06489361702127659,38.9896,-75.505
252,Delaware,2017.0,1,0.10139860139860139,38.9896,-75.505
253,Delaware,2017.0,10,0.0700836820083682,38.9896,-75.505
254,Delaware,2017.0,11,0.09744214372716199,38.9896,-75.505
255,Delaware,2017.0,12,0.047058823529411764,38.9896,-75.505
256,Delaware,2017.0,2,0.07702020202020202,38.9896,-75.505
257,Delaware,2017.0,3,0.07268722466960352,38.9896,-75.505
258,Delaware,2017.0,4,0.059322033898305086,38.9896,-75.505
259,Delaware,2017.0,5,0.08568329718004339,38.9896,-75.505
260,Delaware,2017.0,6,0.0916754478398314,38.9896,-75.505
261,Delaware,2017.0,7,0.08360477741585233,38.9896,-75.505
262,Delaware,2017.0,8,0.07348242811501597,38.9896,-75.505
263,Delaware,2017.0,9,0.07836644591611479,38.9896,-75.505
264,Delaware,2018.0,1,0.1068075117370892,38.9896,-75.505
265,Delaware,2018.0,10,0.05975197294250282,38.9896,-75.505
266,Delaware,2018.0,11,0.115995115995116,38.9896,-75.505
267,Delaware,2018.0,12,0.07752808988764046,38.9896,-75.505
268,Delaware,2018.0,2,0.06725888324873096,38.9896,-75.505
269,Delaware,2018.0,3,0.06060606060606061,38.9896,-75.505
270,Delaware,2018.0,4,0.0691358024691358,38.9896,-75.505
271,Delaware,2018.0,5,0.0867630700778643,38.9896,-75.505
272,Delaware,2018.0,6,0.08773903262092239,38.9896,-75.505
273,Delaware,2018.0,7,0.05218446601941747,38.9896,-75.505
274,Delaware,2018.0,8,0.07106076210092688,38.9896,-75.505
275,Delaware,2018.0,9,0.08004640371229699,38.9896,-75.505
276,Delaware,2019.0,1,0.10113636363636364,38.9896,-75.505
277,Delaware,2019.0,10,0.08137044967880086,38.9896,-75.505
278,Delaware,2019.0,11,0.06998813760379596,38.9896,-75.505
279,Delaware,2019.0,12,0.08090614886731391,38.9896,-75.505
280,Delaware,2019.0,2,0.07471264367816093,38.9896,-75.505
281,Delaware,2019.0,3,0.08741258741258741,38.9896,-75.505
282,Delaware,2019.0,4,0.07151979565772669,38.9896,-75.505
283,Delaware,2019.0,5,0.09328358208955224,38.9896,-75.505
284,Delaware,2019.0,6,0.07416267942583732,38.9896,-75.505
285,Delaware,2019.0,7,0.09049773755656108,38.9896,-75.505
286,Delaware,2019.0,8,0.09795918367346938,38.9896,-75.505
287,Delaware,2019.0,9,0.0835978835978836,38.9896,-75.505
288,Delaware,2020.0,1,0.08333333333333333,38.9896,-75.505
289,Delaware,2020.0,10,0.08314606741573034,38.9896,-75.505
290,Delaware,2020.0,11,0.08192457737321196,38.9896,-75.505
291,Delaware,2020.0,12,0.08571428571428572,38.9896,-75.505
292,Delaware,2020.0,2,0.07958921694480103,38.9896,-75.505
293,Delaware,2020.0,3,0.07985697258641239,38.9896,-75.505
294,Delaware,2020.0,4,0.0850253807106599,38.9896,-75.505
295,Delaware,2020.0,5,0.0440324449594438,38.9896,-75.505
296,Delaware,2020.0,6,0.08946772366930918,38.9896,-75.505
297,Delaware,2020.0,7,0.07268722466960352,38.9896,-75.505
298,Delaware,2020.0,8,0.07529162248144221,38.9896,-75.505
299,Delaware,2020.0,9,0.06236323851203501,38.9896,-75.505
300,Florida,2016.0,1,0.0887140828143778,28.6305,-82.4497
301,Florida,2016.0,10,0.08698363211223695,28.6305,-82.4497
302,Florida,2016.0,11,0.08541221811363992,28.6305,-82.4497
303,Florida,2016.0,12,0.08808424547388079,28.6305,-82.4497
304,Florida,2016.0,2,0.08708101734882938,28.6305,-82.4497
305,Florida,2016.0,3,0.0811044003451251,28.6305,-82.4497
306,Florida,2016.0,4,0.08779846909630984,28.6305,-82.4497
307,Florida,2016.0,5,0.09037689562890276,28.6305,-82.4497
308,Florida,2016.0,6,0.08822246455834241,28.6305,-82.4497
309,Florida,2016.0,7,0.08828781512605043,28.6305,-82.4497
310,Florida,2016.0,8,0.08835521081941129,28.6305,-82.4497
311,Florida,2016.0,9,0.08469055374592833,28.6305,-82.4497
312,Florida,2017.0,1,0.08621896709569712,28.6305,-82.4497
313,Florida,2017.0,10,0.08660614097725186,28.6305,-82.4497
314,Florida,2017.0,11,0.0885386669459134,28.6305,-82.4497
315,Florida,2017.0,12,0.0883312933496532,28.6305,-82.4497
316,Florida,2017.0,2,0.0855514425054351,28.6305,-82.4497
317,Florida,2017.0,3,0.08804240900644879,28.6305,-82.4497
318,Florida,2017.0,4,0.08704176816588438,28.6305,-82.4497
319,Florida,2017.0,5,0.08850256815487949,28.6305,-82.4497
320,Florida,2017.0,6,0.0922871154703522,28.6305,-82.4497
321,Florida,2017.0,7,0.08933172091066828,28.6305,-82.4497
322,Florida,2017.0,8,0.08822521419828641,28.6305,-82.4497
323,Florida,2017.0,9,0.08607126330402591,28.6305,-82.4497
324,Florida,2018.0,1,0.08571428571428572,28.6305,-82.4497
325,Florida,2018.0,10,0.08612391711839505,28.6305,-82.4497
326,Florida,2018.0,11,0.08555194805194805,28.6305,-82.4497
327,Florida,2018.0,12,0.08477742035903289,28.6305,-82.4497
328,Florida,2018.0,2,0.08504098360655737,28.6305,-82.4497
329,Florida,2018.0,3,0.08733671596674944,28.6305,-82.4497
330,Florida,2018.0,4,0.0855395939688947,28.6305,-82.4497
331,Florida,2018.0,5,0.0884490663088449,28.6305,-82.4497
332,Florida,2018.0,6,0.08875199634953228,28.6305,-82.4497
333,Florida,2018.0,7,0.0932333296835651,28.6305,-82.4497
334,Florida,2018.0,8,0.0872133425990271,28.6305,-82.4497
335,Florida,2018.0,9,0.0836340812804017,28.6305,-82.4497
336,Florida,2019.0,1,0.08518948590731552,28.6305,-82.4497
337,Florida,2019.0,10,0.08581060373889059,28.6305,-82.4497
338,Florida,2019.0,11,0.08786057029397165,28.6305,-82.4497
339,Florida,2019.0,12,0.08651667632646609,28.6305,-82.4497
340,Florida,2019.0,2,0.08410540247864276,28.6305,-82.4497
341,Florida,2019.0,3,0.08782663388415575,28.6305,-82.4497
342,Florida,2019.0,4,0.08849404864585131,28.6305,-82.4497
343,Florida,2019.0,5,0.08651241534988713,28.6305,-82.4497
344,Florida,2019.0,6,0.0905451548333922,28.6305,-82.4497
345,Florida,2019.0,7,0.09270638525247128,28.6305,-82.4497
346,Florida,2019.0,8,0.08899660203877674,28.6305,-82.4497
347,Florida,2019.0,9,0.08484034308153353,28.6305,-82.4497
348,Florida,2020.0,1,0.08812850698646715,28.6305,-82.4497
349,Florida,2020.0,10,0.08586277436833084,28.6305,-82.4497
350,Florida,2020.0,11,0.08971222183385763,28.6305,-82.4497
351,Florida,2020.0,12,0.08614168783516794,28.6305,-82.4497
352,Florida,2020.0,2,0.08647582621167753,28.6305,-82.4497
353,Florida,2020.0,3,0.0859470468431772,28.6305,-82.4497
354,Florida,2020.0,4,0.08503956030681886,28.6305,-82.4497
355,Florida,2020.0,5,0.08746372949606206,28.6305,-82.4497
356,Florida,2020.0,6,0.08568047337278106,28.6305,-82.4497
357,Florida,2020.0,7,0.0883687069496556,28.6305,-82.4497
358,Florida,2020.0,8,0.09003588186585702,28.6305,-82.4497
359,Florida,2020.0,9,0.08327378662122795,28.6305,-82.4497
360,Georgia,2016.0,1,0.09622057582293914,32.6415,-83.4426
361,Georgia,2016.0,10,0.09920267012794363,32.6415,-83.4426
362,Georgia,2016.0,11,0.09893271461716938,32.6415,-83.4426
363,Georgia,2016.0,12,0.0991646456480733,32.6415,-83.4426
364,Georgia,2016.0,2,0.0948076923076923,32.6415,-83.4426
365,Georgia,2016.0,3,0.09535293572024858,32.6415,-83.4426
366,Georgia,2016.0,4,0.10068581651923268,32.6415,-83.4426
367,Georgia,2016.0,5,0.09879586612306818,32.6415,-83.4426
368,Georgia,2016.0,6,0.09494314504945918,32.6415,-83.4426
369,Georgia,2016.0,7,0.10034849432579751,32.6415,-83.4426
370,Georgia,2016.0,8,0.0959902794653706,32.6415,-83.4426
371,Georgia,2016.0,9,0.09861775651249335,32.6415,-83.4426
372,Georgia,2017.0,1,0.10250442230704776,32.6415,-83.4426
373,Georgia,2017.0,10,0.09867137415218805,32.6415,-83.4426
374,Georgia,2017.0,11,0.09834533046648593,32.6415,-83.4426
375,Georgia,2017.0,12,0.10333980941807752,32.6415,-83.4426
376,Georgia,2017.0,2,0.09197493430361836,32.6415,-83.4426
377,Georgia,2017.0,3,0.09459079403768632,32.6415,-83.4426
378,Georgia,2017.0,4,0.09961883177088698,32.6415,-83.4426
379,Georgia,2017.0,5,0.10397897897897898,32.6415,-83.4426
380,Georgia,2017.0,6,0.10699859088774072,32.6415,-83.4426
381,Georgia,2017.0,7,0.09798657718120805,32.6415,-83.4426
382,Georgia,2017.0,8,0.09762532981530343,32.6415,-83.4426
383,Georgia,2017.0,9,0.09103790294013461,32.6415,-83.4426
384,Georgia,2018.0,1,0.09495830174374525,32.6415,-83.4426
385,Georgia,2018.0,10,0.10278551532033427,32.6415,-83.4426
386,Georgia,2018.0,11,0.1092436974789916,32.6415,-83.4426
387,Georgia,2018.0,12,0.10008363534987455,32.6415,-83.4426
388,Georgia,2018.0,2,0.10820624546114742,32.6415,-83.4426
389,Georgia,2018.0,3,0.09764213728845789,32.6415,-83.4426
390,Georgia,2018.0,4,0.10142219453960345,32.6415,-83.4426
391,Georgia,2018.0,5,0.10654098828906026,32.6415,-83.4426
392,Georgia,2018.0,6,0.1008678881388621,32.6415,-83.4426
393,Georgia,2018.0,7,0.10039004457652304,32.6415,-83.4426
394,Georgia,2018.0,8,0.09932183020001717,32.6415,-83.4426
395,Georgia,2018.0,9,0.09184726522187822,32.6415,-83.4426
396,Georgia,2019.0,1,0.10011196118678858,32.6415,-83.4426
397,Georgia,2019.0,10,0.10114816839803172,32.6415,-83.4426
398,Georgia,2019.0,11,0.10836464306901325,32.6415,-83.4426
399,Georgia,2019.0,12,0.10032756200280768,32.6415,-83.4426
400,Georgia,2019.0,2,0.10153236735119357,32.6415,-83.4426
401,Georgia,2019.0,3,0.10771498771498772,32.6415,-83.4426
402,Georgia,2019.0,4,0.09700514268427952,32.6415,-83.4426
403,Georgia,2019.0,5,0.10123809523809524,32.6415,-83.4426
404,Georgia,2019.0,6,0.09611885991510007,32.6415,-83.4426
405,Georgia,2019.0,7,0.10196861108591128,32.6415,-83.4426
406,Georgia,2019.0,8,0.09436054944117396,32.6415,-83.4426
407,Georgia,2019.0,9,0.09388127853881278,32.6415,-83.4426
408,Georgia,2020.0,1,0.09757473209249859,32.6415,-83.4426
409,Georgia,2020.0,10,0.10096859407103023,32.6415,-83.4426
410,Georgia,2020.0,11,0.10086485360008336,32.6415,-83.4426
411,Georgia,2020.0,12,0.10132115795609092,32.6415,-83.4426
412,Georgia,2020.0,2,0.09889415481832543,32.6415,-83.4426
413,Georgia,2020.0,3,0.09767025089605735,32.6415,-83.4426
414,Georgia,2020.0,4,0.08959835221421215,32.6415,-83.4426
415,Georgia,2020.0,5,0.1016560255387071,32.6415,-83.4426
416,Georgia,2020.0,6,0.1025260029717682,32.6415,-83.4426
417,Georgia,2020.0,7,0.09916424077378158,32.6415,-83.4426
418,Georgia,2020.0,8,0.09815116911364873,32.6415,-83.4426
419,Georgia,2020.0,9,0.09518413597733712,32.6415,-83.4426
420,Hawaii,2016.0,1,0.07571623465211459,20.2927,-156.373
421,Hawaii,2016.0,10,0.07079081632653061,20.2927,-156.373
422,Hawaii,2016.0,11,0.08143800440205429,20.2927,-156.373
423,Hawaii,2016.0,12,0.0713813615333774,20.2927,-156.373
424,Hawaii,2016.0,2,0.06856754921928038,20.2927,-156.373
425,Hawaii,2016.0,3,0.08221925133689839,20.2927,-156.373
426,Hawaii,2016.0,4,0.08454608454608455,20.2927,-156.373
427,Hawaii,2016.0,5,0.10416666666666667,20.2927,-156.373
428,Hawaii,2016.0,6,0.0924775707384403,20.2927,-156.373
429,Hawaii,2016.0,7,0.07176391683433937,20.2927,-156.373
430,Hawaii,2016.0,8,0.08746898263027296,20.2927,-156.373
431,Hawaii,2016.0,9,0.0798454603992273,20.2927,-156.373
432,Hawaii,2017.0,1,0.08036890645586298,20.2927,-156.373
433,Hawaii,2017.0,10,0.08179419525065963,20.2927,-156.373
434,Hawaii,2017.0,11,0.0695528743789922,20.2927,-156.373
435,Hawaii,2017.0,12,0.07386759581881533,20.2927,-156.373
436,Hawaii,2017.0,2,0.08076358296622614,20.2927,-156.373
437,Hawaii,2017.0,3,0.06792199058507062,20.2927,-156.373
438,Hawaii,2017.0,4,0.08948863636363637,20.2927,-156.373
439,Hawaii,2017.0,5,0.0692090395480226,20.2927,-156.373
440,Hawaii,2017.0,6,0.08351976137211037,20.2927,-156.373
441,Hawaii,2017.0,7,0.08531746031746032,20.2927,-156.373
442,Hawaii,2017.0,8,0.08731241473396999,20.2927,-156.373
443,Hawaii,2017.0,9,0.08617234468937876,20.2927,-156.373
444,Hawaii,2018.0,1,0.07791279485346676,20.2927,-156.373
445,Hawaii,2018.0,10,0.08944793850454227,20.2927,-156.373
446,Hawaii,2018.0,11,0.0911062906724512,20.2927,-156.373
447,Hawaii,2018.0,12,0.07404795486600846,20.2927,-156.373
448,Hawaii,2018.0,2,0.07348242811501597,20.2927,-156.373
449,Hawaii,2018.0,3,0.06290672451193059,20.2927,-156.373
450,Hawaii,2018.0,4,0.07991360691144708,20.2927,-156.373
451,Hawaii,2018.0,5,0.07728494623655914,20.2927,-156.373
452,Hawaii,2018.0,6,0.06705539358600583,20.2927,-156.373
453,Hawaii,2018.0,7,0.07809110629067245,20.2927,-156.373
454,Hawaii,2018.0,8,0.0758959943780745,20.2927,-156.373
455,Hawaii,2018.0,9,0.07259158751696065,20.2927,-156.373
456,Hawaii,2019.0,1,0.07512764405543398,20.2927,-156.373
457,Hawaii,2019.0,10,0.09013484740951029,20.2927,-156.373
458,Hawaii,2019.0,11,0.08002832861189801,20.2927,-156.373
459,Hawaii,2019.0,12,0.08157319737800436,20.2927,-156.373
460,Hawaii,2019.0,2,0.053951367781155016,20.2927,-156.373
461,Hawaii,2019.0,3,0.07377049180327869,20.2927,-156.373
462,Hawaii,2019.0,4,0.08018504240555127,20.2927,-156.373
463,Hawaii,2019.0,5,0.08181818181818182,20.2927,-156.373
464,Hawaii,2019.0,6,0.08093797276853253,20.2927,-156.373
465,Hawaii,2019.0,7,0.06802244039270687,20.2927,-156.373
466,Hawaii,2019.0,8,0.07891156462585033,20.2927,-156.373
467,Hawaii,2019.0,9,0.07514044943820225,20.2927,-156.373
468,Hawaii,2020.0,1,0.08792846497764531,20.2927,-156.373
469,Hawaii,2020.0,10,0.06418672501823487,20.2927,-156.373
470,Hawaii,2020.0,11,0.06387832699619772,20.2927,-156.373
471,Hawaii,2020.0,12,0.05887096774193548,20.2927,-156.373
472,Hawaii,2020.0,2,0.08899297423887588,20.2927,-156.373
473,Hawaii,2020.0,3,0.07426856714178545,20.2927,-156.373
474,Hawaii,2020.0,4,0.06842923794712286,20.2927,-156.373
475,Hawaii,2020.0,5,0.0622154779969651,20.2927,-156.373
476,Hawaii,2020.0,6,0.08691983122362869,20.2927,-156.373
477,Hawaii,2020.0,7,0.08619374523264683,20.2927,-156.373
478,Hawaii,2020.0,8,0.0705521472392638,20.2927,-156.373
479,Hawaii,2020.0,9,0.07866868381240545,20.2927,-156.373
480,Louisiana,2016.0,1,0.09717987804878049,31.0689,-91.9968
481,Louisiana,2016.0,10,0.11576585000935104,31.0689,-91.9968
482,Louisiana,2016.0,11,0.10337787676317743,31.0689,-91.9968
483,Louisiana,2016.0,12,0.11036980556614563,31.0689,-91.9968
484,Louisiana,2016.0,2,0.09972763461135555,31.0689,-91.9968
485,Louisiana,2016.0,3,0.10803588471082268,31.0689,-91.9968
486,Louisiana,2016.0,4,0.10560068405301411,31.0689,-91.9968
487,Louisiana,2016.0,5,0.11039743075070253,31.0689,-91.9968
488,Louisiana,2016.0,6,0.10269455436216318,31.0689,-91.9968
489,Louisiana,2016.0,7,0.11321767125737793,31.0689,-91.9968
490,Louisiana,2016.0,8,0.1025097207493814,31.0689,-91.9968
491,Louisiana,2016.0,9,0.10376181137457657,31.0689,-91.9968
492,Louisiana,2017.0,1,0.1101202016285382,31.0689,-91.9968
493,Louisiana,2017.0,10,0.10894122152019912,31.0689,-91.9968
494,Louisiana,2017.0,11,0.11108971890643049,31.0689,-91.9968
495,Louisiana,2017.0,12,0.10454274945447332,31.0689,-91.9968
496,Louisiana,2017.0,2,0.09619283622437486,31.0689,-91.9968
497,Louisiana,2017.0,3,0.10142276422764228,31.0689,-91.9968
498,Louisiana,2017.0,4,0.10672802980495288,31.0689,-91.9968
499,Louisiana,2017.0,5,0.10515463917525773,31.0689,-91.9968
500,Louisiana,2017.0,6,0.10717163577759871,31.0689,-91.9968
501,Louisiana,2017.0,7,0.1104929982735469,31.0689,-91.9968
502,Louisiana,2017.0,8,0.10405703615684943,31.0689,-91.9968
503,Louisiana,2017.0,9,0.10582399412088922,31.0689,-91.9968
504,Louisiana,2018.0,1,0.11061776061776062,31.0689,-91.9968
505,Louisiana,2018.0,10,0.10964486706772754,31.0689,-91.9968
506,Louisiana,2018.0,11,0.11488095238095238,31.0689,-91.9968
507,Louisiana,2018.0,12,0.10622710622710622,31.0689,-91.9968
508,Louisiana,2018.0,2,0.09909111061848815,31.0689,-91.9968
509,Louisiana,2018.0,3,0.11236897274633123,31.0689,-91.9968
510,Louisiana,2018.0,4,0.10589812332439678,31.0689,-91.9968
511,Louisiana,2018.0,5,0.09844034838971034,31.0689,-91.9968
512,Louisiana,2018.0,6,0.1111111111111111,31.0689,-91.9968
513,Louisiana,2018.0,7,0.109399375975039,31.0689,-91.9968
514,Louisiana,2018.0,8,0.1031055900621118,31.0689,-91.9968
515,Louisiana,2018.0,9,0.10754189944134078,31.0689,-91.9968
516,Louisiana,2019.0,1,0.10693301997649823,31.0689,-91.9968
517,Louisiana,2019.0,10,0.10966300502699683,31.0689,-91.9968
518,Louisiana,2019.0,11,0.10640971931294511,31.0689,-91.9968
519,Louisiana,2019.0,12,0.10331810053645937,31.0689,-91.9968
520,Louisiana,2019.0,2,0.10271231658514896,31.0689,-91.9968
521,Louisiana,2019.0,3,0.09937611408199644,31.0689,-91.9968
522,Louisiana,2019.0,4,0.10873480414227825,31.0689,-91.9968
523,Louisiana,2019.0,5,0.11239908921548333,31.0689,-91.9968
524,Louisiana,2019.0,6,0.11795218764095625,31.0689,-91.9968
525,Louisiana,2019.0,7,0.10866628064080293,31.0689,-91.9968
526,Louisiana,2019.0,8,0.11282241603265912,31.0689,-91.9968
527,Louisiana,2019.0,9,0.09848771266540643,31.0689,-91.9968
528,Louisiana,2020.0,1,0.11266201395812563,31.0689,-91.9968
529,Louisiana,2020.0,10,0.10978618421052631,31.0689,-91.9968
530,Louisiana,2020.0,11,0.10419287211740041,31.0689,-91.9968
531,Louisiana,2020.0,12,0.10659587502552584,31.0689,-91.9968
532,Louisiana,2020.0,2,0.10917327293318234,31.0689,-91.9968
533,Louisiana,2020.0,3,0.09943917169974116,31.0689,-91.9968
534,Louisiana,2020.0,4,0.10501138952164009,31.0689,-91.9968
535,Louisiana,2020.0,5,0.10819672131147541,31.0689,-91.9968
536,Louisiana,2020.0,6,0.11987727372342757,31.0689,-91.9968
537,Louisiana,2020.0,7,0.12467165083855325,31.0689,-91.9968
538,Louisiana,2020.0,8,0.10444531864673486,31.0689,-91.9968
539,Louisiana,2020.0,9,0.10080565926508155,31.0689,-91.9968
540,Maine,2016.0,1,0.05150214592274678,45.3695,-69.2428
541,Maine,2016.0,10,0.06593406593406594,45.3695,-69.2428
542,Maine,2016.0,11,0.07502679528403002,45.3695,-69.2428
543,Maine,2016.0,12,0.06489361702127659,45.3695,-69.2428
544,Maine,2016.0,2,0.0641925777331996,45.3695,-69.2428
545,Maine,2016.0,3,0.05413105413105413,45.3695,-69.2428
546,Maine,2016.0,4,0.06534090909090909,45.3695,-69.2428
547,Maine,2016.0,5,0.05510388437217705,45.3695,-69.2428
548,Maine,2016.0,6,0.0600375234521576,45.3695,-69.2428
549,Maine,2016.0,7,0.05752961082910321,45.3695,-69.2428
550,Maine,2016.0,8,0.0632582322357019,45.3695,-69.2428
551,Maine,2016.0,9,0.06216696269982238,45.3695,-69.2428
552,Maine,2017.0,1,0.07336343115124154,45.3695,-69.2428
553,Maine,2017.0,10,0.06560636182902585,45.3695,-69.2428
554,Maine,2017.0,11,0.06631578947368422,45.3695,-69.2428
555,Maine,2017.0,12,0.06237424547283702,45.3695,-69.2428
556,Maine,2017.0,2,0.06157354618015964,45.3695,-69.2428
557,Maine,2017.0,3,0.05476864966949953,45.3695,-69.2428
558,Maine,2017.0,4,0.05515832482124617,45.3695,-69.2428
559,Maine,2017.0,5,0.05079962370649106,45.3695,-69.2428
560,Maine,2017.0,6,0.05582290664100096,45.3695,-69.2428
561,Maine,2017.0,7,0.04717853839037928,45.3695,-69.2428
562,Maine,2017.0,8,0.07304347826086957,45.3695,-69.2428
563,Maine,2017.0,9,0.05977229601518026,45.3695,-69.2428
564,Maine,2018.0,1,0.06079664570230608,45.3695,-69.2428
565,Maine,2018.0,10,0.0640904806786051,45.3695,-69.2428
566,Maine,2018.0,11,0.07282051282051281,45.3695,-69.2428
567,Maine,2018.0,12,0.06378600823045268,45.3695,-69.2428
568,Maine,2018.0,2,0.06129807692307692,45.3695,-69.2428
569,Maine,2018.0,3,0.05870841487279843,45.3695,-69.2428
570,Maine,2018.0,4,0.05973223480947477,45.3695,-69.2428
571,Maine,2018.0,5,0.06323396567299007,45.3695,-69.2428
572,Maine,2018.0,6,0.06692913385826772,45.3695,-69.2428
573,Maine,2018.0,7,0.052083333333333336,45.3695,-69.2428
574,Maine,2018.0,8,0.08676975945017182,45.3695,-69.2428
575,Maine,2018.0,9,0.05410628019323672,45.3695,-69.2428
576,Maine,2019.0,1,0.05646036916395222,45.3695,-69.2428
577,Maine,2019.0,10,0.05829145728643216,45.3695,-69.2428
578,Maine,2019.0,11,0.0668103448275862,45.3695,-69.2428
579,Maine,2019.0,12,0.07407407407407407,45.3695,-69.2428
580,Maine,2019.0,2,0.07099879663056559,45.3695,-69.2428
581,Maine,2019.0,3,0.07006369426751592,45.3695,-69.2428
582,Maine,2019.0,4,0.07523510971786834,45.3695,-69.2428
583,Maine,2019.0,5,0.06774809160305344,45.3695,-69.2428
584,Maine,2019.0,6,0.07537688442211055,45.3695,-69.2428
585,Maine,2019.0,7,0.05258386219401632,45.3695,-69.2428
586,Maine,2019.0,8,0.05211406096361849,45.3695,-69.2428
587,Maine,2019.0,9,0.04934541792547835,45.3695,-69.2428
588,Maine,2020.0,1,0.08963911525029103,45.3695,-69.2428
589,Maine,2020.0,10,0.06878306878306878,45.3695,-69.2428
590,Maine,2020.0,11,0.05707762557077625,45.3695,-69.2428
591,Maine,2020.0,12,0.06496519721577726,45.3695,-69.2428
592,Maine,2020.0,2,0.04044117647058824,45.3695,-69.2428
593,Maine,2020.0,3,0.08447729672650475,45.3695,-69.2428
594,Maine,2020.0,4,0.06375838926174497,45.3695,-69.2428
595,Maine,2020.0,5,0.059415911379657606,45.3695,-69.2428
596,Maine,2020.0,6,0.06803355079217148,45.3695,-69.2428
597,Maine,2020.0,7,0.0646041856232939,45.3695,-69.2428
598,Maine,2020.0,8,0.049689440993788817,45.3695,-69.2428
599,Maine,2020.0,9,0.06174089068825911,45.3695,-69.2428
600,Maryland,2016.0,1,0.08816547982366904,39.055,-76.7909
601,Maryland,2016.0,10,0.08862821766047572,39.055,-76.7909
602,Maryland,2016.0,11,0.08749145591250855,39.055,-76.7909
603,Maryland,2016.0,12,0.08572877916807575,39.055,-76.7909
604,Maryland,2016.0,2,0.08110532926610443,39.055,-76.7909
605,Maryland,2016.0,3,0.09174159174159174,39.055,-76.7909
606,Maryland,2016.0,4,0.09032038173142468,39.055,-76.7909
607,Maryland,2016.0,5,0.08269107257546564,39.055,-76.7909
608,Maryland,2016.0,6,0.08845287873914442,39.055,-76.7909
609,Maryland,2016.0,7,0.0840387871325227,39.055,-76.7909
610,Maryland,2016.0,8,0.07987171655467318,39.055,-76.7909
611,Maryland,2016.0,9,0.07803790412486064,39.055,-76.7909
612,Maryland,2017.0,1,0.08983618108155716,39.055,-76.7909
613,Maryland,2017.0,10,0.09285943003522254,39.055,-76.7909
614,Maryland,2017.0,11,0.0919229469415343,39.055,-76.7909
615,Maryland,2017.0,12,0.09150879566982409,39.055,-76.7909
616,Maryland,2017.0,2,0.08545698409657022,39.055,-76.7909
617,Maryland,2017.0,3,0.08901515151515152,39.055,-76.7909
618,Maryland,2017.0,4,0.08745992162451015,39.055,-76.7909
619,Maryland,2017.0,5,0.09087877271969318,39.055,-76.7909
620,Maryland,2017.0,6,0.08729245438106198,39.055,-76.7909
621,Maryland,2017.0,7,0.09181258873639375,39.055,-76.7909
622,Maryland,2017.0,8,0.08261979870812679,39.055,-76.7909
623,Maryland,2017.0,9,0.08194813829787234,39.055,-76.7909
624,Maryland,2018.0,1,0.09866078996440075,39.055,-76.7909
625,Maryland,2018.0,10,0.08281770585435506,39.055,-76.7909
626,Maryland,2018.0,11,0.08896672504378283,39.055,-76.7909
627,Maryland,2018.0,12,0.09727225939269171,39.055,-76.7909
628,Maryland,2018.0,2,0.08983543078412391,39.055,-76.7909
629,Maryland,2018.0,3,0.0815063649222065,39.055,-76.7909
630,Maryland,2018.0,4,0.08544303797468354,39.055,-76.7909
631,Maryland,2018.0,5,0.08484255180290423,39.055,-76.7909
632,Maryland,2018.0,6,0.08895289732294137,39.055,-76.7909
633,Maryland,2018.0,7,0.0885614964409866,39.055,-76.7909
634,Maryland,2018.0,8,0.08421213510622039,39.055,-76.7909
635,Maryland,2018.0,9,0.08632028937849391,39.055,-76.7909
636,Maryland,2019.0,1,0.08284023668639054,39.055,-76.7909
637,Maryland,2019.0,10,0.08552958727001492,39.055,-76.7909
638,Maryland,2019.0,11,0.08720189331876935,39.055,-76.7909
639,Maryland,2019.0,12,0.08326267593691708,39.055,-76.7909
640,Maryland,2019.0,2,0.08891031822565092,39.055,-76.7909
641,Maryland,2019.0,3,0.08231600976630625,39.055,-76.7909
642,Maryland,2019.0,4,0.08405591930631746,39.055,-76.7909
643,Maryland,2019.0,5,0.08581524482584553,39.055,-76.7909
644,Maryland,2019.0,6,0.09387040280210157,39.055,-76.7909
645,Maryland,2019.0,7,0.09354581673306774,39.055,-76.7909
646,Maryland,2019.0,8,0.0912679614716564,39.055,-76.7909
647,Maryland,2019.0,9,0.08101432570393545,39.055,-76.7909
648,Maryland,2020.0,1,0.08422847399829497,39.055,-76.7909
649,Maryland,2020.0,10,0.08296243546377069,39.055,-76.7909
650,Maryland,2020.0,11,0.08651834949610192,39.055,-76.7909
651,Maryland,2020.0,12,0.08371329564107241,39.055,-76.7909
652,Maryland,2020.0,2,0.09315589353612168,39.055,-76.7909
653,Maryland,2020.0,3,0.07668067226890757,39.055,-76.7909
654,Maryland,2020.0,4,0.08414239482200647,39.055,-76.7909
655,Maryland,2020.0,5,0.08605702364394993,39.055,-76.7909
656,Maryland,2020.0,6,0.08297320656871218,39.055,-76.7909
657,Maryland,2020.0,7,0.08591731266149871,39.055,-76.7909
658,Maryland,2020.0,8,0.08381689232753063,39.055,-76.7909
659,Maryland,2020.0,9,0.08080279232111692,39.055,-76.7909
660,Massachusetts,2016.0,1,0.07401951758423864,42.2596,-71.8083
661,Massachusetts,2016.0,10,0.07765372437927012,42.2596,-71.8083
662,Massachusetts,2016.0,11,0.07167771189396582,42.2596,-71.8083
663,Massachusetts,2016.0,12,0.08639739177685202,42.2596,-71.8083
664,Massachusetts,2016.0,2,0.07671081677704195,42.2596,-71.8083
665,Massachusetts,2016.0,3,0.07947130667558976,42.2596,-71.8083
666,Massachusetts,2016.0,4,0.0721846260628145,42.2596,-71.8083
667,Massachusetts,2016.0,5,0.07061688311688312,42.2596,-71.8083
668,Massachusetts,2016.0,6,0.07327376116978067,42.2596,-71.8083
669,Massachusetts,2016.0,7,0.0694508894044857,42.2596,-71.8083
670,Massachusetts,2016.0,8,0.07265357031493608,42.2596,-71.8083
671,Massachusetts,2016.0,9,0.06461588541666667,42.2596,-71.8083
672,Massachusetts,2017.0,1,0.08288482238966631,42.2596,-71.8083
673,Massachusetts,2017.0,10,0.06849090611174832,42.2596,-71.8083
674,Massachusetts,2017.0,11,0.07580277241621337,42.2596,-71.8083
675,Massachusetts,2017.0,12,0.07459535538353272,42.2596,-71.8083
676,Massachusetts,2017.0,2,0.07921750920007747,42.2596,-71.8083
677,Massachusetts,2017.0,3,0.07116104868913857,42.2596,-71.8083
678,Massachusetts,2017.0,4,0.06942471590909091,42.2596,-71.8083
679,Massachusetts,2017.0,5,0.07205857879846897,42.2596,-71.8083
680,Massachusetts,2017.0,6,0.07678454485920105,42.2596,-71.8083
681,Massachusetts,2017.0,7,0.07076824992030603,42.2596,-71.8083
682,Massachusetts,2017.0,8,0.06997813183380194,42.2596,-71.8083
683,Massachusetts,2017.0,9,0.07664233576642336,42.2596,-71.8083
684,Massachusetts,2018.0,1,0.07576030232139644,42.2596,-71.8083
685,Massachusetts,2018.0,10,0.07737893667456823,42.2596,-71.8083
686,Massachusetts,2018.0,11,0.07807159561072136,42.2596,-71.8083
687,Massachusetts,2018.0,12,0.06814244465832531,42.2596,-71.8083
688,Massachusetts,2018.0,2,0.07424182749113824,42.2596,-71.8083
689,Massachusetts,2018.0,3,0.07162487117828925,42.2596,-71.8083
690,Massachusetts,2018.0,4,0.07734806629834254,42.2596,-71.8083
691,Massachusetts,2018.0,5,0.07814808734197998,42.2596,-71.8083
692,Massachusetts,2018.0,6,0.07838200738502853,42.2596,-71.8083
693,Massachusetts,2018.0,7,0.07029589668137975,42.2596,-71.8083
694,Massachusetts,2018.0,8,0.07577720207253887,42.2596,-71.8083
695,Massachusetts,2018.0,9,0.07425575101488498,42.2596,-71.8083
696,Massachusetts,2019.0,1,0.07821835958718087,42.2596,-71.8083
697,Massachusetts,2019.0,10,0.08007264322271751,42.2596,-71.8083
698,Massachusetts,2019.0,11,0.07256443063425333,42.2596,-71.8083
699,Massachusetts,2019.0,12,0.07845324409741587,42.2596,-71.8083
700,Massachusetts,2019.0,2,0.07179896290386917,42.2596,-71.8083
701,Massachusetts,2019.0,3,0.07610431080361894,42.2596,-71.8083
702,Massachusetts,2019.0,4,0.08028169014084507,42.2596,-71.8083
703,Massachusetts,2019.0,5,0.07159663865546219,42.2596,-71.8083
704,Massachusetts,2019.0,6,0.07721739130434782,42.2596,-71.8083
705,Massachusetts,2019.0,7,0.07431236930995658,42.2596,-71.8083
706,Massachusetts,2019.0,8,0.07454200884396715,42.2596,-71.8083
707,Massachusetts,2019.0,9,0.06904603068712475,42.2596,-71.8083
708,Massachusetts,2020.0,1,0.0793854033290653,42.2596,-71.8083
709,Massachusetts,2020.0,10,0.06942909760589319,42.2596,-71.8083
710,Massachusetts,2020.0,11,0.06910809214412286,42.2596,-71.8083
711,Massachusetts,2020.0,12,0.07867707477403452,42.2596,-71.8083
712,Massachusetts,2020.0,2,0.06970922395532447,42.2596,-71.8083
713,Massachusetts,2020.0,3,0.07393416082029142,42.2596,-71.8083
714,Massachusetts,2020.0,4,0.07013616862525648,42.2596,-71.8083
715,Massachusetts,2020.0,5,0.07790417097552568,42.2596,-71.8083
716,Massachusetts,2020.0,6,0.06976351351351351,42.2596,-71.8083
717,Massachusetts,2020.0,7,0.07113385047037465,42.2596,-71.8083
718,Massachusetts,2020.0,8,0.07247114731839782,42.2596,-71.8083
719,Massachusetts,2020.0,9,0.07193229901269393,42.2596,-71.8083
720,Mississippi,2016.0,1,0.11323196376577159,32.7364,-89.6678
721,Mississippi,2016.0,10,0.1152439024390244,32.7364,-89.6678
722,Mississippi,2016.0,11,0.11244329228775113,32.7364,-89.6678
723,Mississippi,2016.0,12,0.11135168574079803,32.7364,-89.6678
724,Mississippi,2016.0,2,0.10814464346062859,32.7364,-89.6678
725,Mississippi,2016.0,3,0.10947763528307788,32.7364,-89.6678
726,Mississippi,2016.0,4,0.12261089073205914,32.7364,-89.6678
727,Mississippi,2016.0,5,0.11636485580147551,32.7364,-89.6678
728,Mississippi,2016.0,6,0.11581291759465479,32.7364,-89.6678
729,Mississippi,2016.0,7,0.10981951667176507,32.7364,-89.6678
730,Mississippi,2016.0,8,0.11475877819012276,32.7364,-89.6678
731,Mississippi,2016.0,9,0.11148136928203575,32.7364,-89.6678
732,Mississippi,2017.0,1,0.10868187579214195,32.7364,-89.6678
733,Mississippi,2017.0,10,0.11262690355329949,32.7364,-89.6678
734,Mississippi,2017.0,11,0.1161130083824899,32.7364,-89.6678
735,Mississippi,2017.0,12,0.11436672967863894,32.7364,-89.6678
736,Mississippi,2017.0,2,0.10960854092526691,32.7364,-89.6678
737,Mississippi,2017.0,3,0.1201191264063534,32.7364,-89.6678
738,Mississippi,2017.0,4,0.11762452107279693,32.7364,-89.6678
739,Mississippi,2017.0,5,0.1149616794401866,32.7364,-89.6678
740,Mississippi,2017.0,6,0.11440817672271678,32.7364,-89.6678
741,Mississippi,2017.0,7,0.11591962905718702,32.7364,-89.6678
742,Mississippi,2017.0,8,0.11681315565636519,32.7364,-89.6678
743,Mississippi,2017.0,9,0.1154776299879081,32.7364,-89.6678
744,Mississippi,2018.0,1,0.11930724823604875,32.7364,-89.6678
745,Mississippi,2018.0,10,0.12270133164235891,32.7364,-89.6678
746,Mississippi,2018.0,11,0.11914756215692605,32.7364,-89.6678
747,Mississippi,2018.0,12,0.13272093759898637,32.7364,-89.6678
748,Mississippi,2018.0,2,0.10620399579390116,32.7364,-89.6678
749,Mississippi,2018.0,3,0.12200797872340426,32.7364,-89.6678
750,Mississippi,2018.0,4,0.12036363636363637,32.7364,-89.6678
751,Mississippi,2018.0,5,0.131,32.7364,-89.6678
752,Mississippi,2018.0,6,0.12117220941718801,32.7364,-89.6678
753,Mississippi,2018.0,7,0.11193072482360487,32.7364,-89.6678
754,Mississippi,2018.0,8,0.1120162932790224,32.7364,-89.6678
755,Mississippi,2018.0,9,0.12077756532823454,32.7364,-89.6678
756,Mississippi,2019.0,1,0.11086544535691725,32.7364,-89.6678
757,Mississippi,2019.0,10,0.1256931608133087,32.7364,-89.6678
758,Mississippi,2019.0,11,0.11061182163843761,32.7364,-89.6678
759,Mississippi,2019.0,12,0.13536848596978107,32.7364,-89.6678
760,Mississippi,2019.0,2,0.12297856336968785,32.7364,-89.6678
761,Mississippi,2019.0,3,0.1220112517580872,32.7364,-89.6678
762,Mississippi,2019.0,4,0.11825652018578063,32.7364,-89.6678
763,Mississippi,2019.0,5,0.1338609772883689,32.7364,-89.6678
764,Mississippi,2019.0,6,0.13450502152080343,32.7364,-89.6678
765,Mississippi,2019.0,7,0.12177012177012177,32.7364,-89.6678
766,Mississippi,2019.0,8,0.11382598331346841,32.7364,-89.6678
767,Mississippi,2019.0,9,0.11409189022510022,32.7364,-89.6678
768,Mississippi,2020.0,1,0.11817888278979657,32.7364,-89.6678
769,Mississippi,2020.0,10,0.12586037364798427,32.7364,-89.6678
770,Mississippi,2020.0,11,0.11918194640338504,32.7364,-89.6678
771,Mississippi,2020.0,12,0.1158974358974359,32.7364,-89.6678
772,Mississippi,2020.0,2,0.12219730941704036,32.7364,-89.6678
773,Mississippi,2020.0,3,0.1028749567024593,32.7364,-89.6678
774,Mississippi,2020.0,4,0.11869436201780416,32.7364,-89.6678
775,Mississippi,2020.0,5,0.12152902993148215,32.7364,-89.6678
776,Mississippi,2020.0,6,0.12450066577896138,32.7364,-89.6678
777,Mississippi,2020.0,7,0.12213010204081633,32.7364,-89.6678
778,Mississippi,2020.0,8,0.11518825781748564,32.7364,-89.6678
779,Mississippi,2020.0,9,0.10361216730038023,32.7364,-89.6678
780,New Hampshire,2016.0,1,0.05520833333333333,43.6805,-71.5811
781,New Hampshire,2016.0,10,0.04504504504504504,43.6805,-71.5811
782,New Hampshire,2016.0,11,0.058886509635974305,43.6805,-71.5811
783,New Hampshire,2016.0,12,0.06637168141592921,43.6805,-71.5811
784,New Hampshire,2016.0,2,0.06209850107066381,43.6805,-71.5811
785,New Hampshire,2016.0,3,0.060396039603960394,43.6805,-71.5811
786,New Hampshire,2016.0,4,0.03285024154589372,43.6805,-71.5811
787,New Hampshire,2016.0,5,0.04660587639311044,43.6805,-71.5811
788,New Hampshire,2016.0,6,0.05582290664100096,43.6805,-71.5811
789,New Hampshire,2016.0,7,0.04722222222222222,43.6805,-71.5811
790,New Hampshire,2016.0,8,0.06642402183803457,43.6805,-71.5811
791,New Hampshire,2016.0,9,0.06255506607929516,43.6805,-71.5811
792,New Hampshire,2017.0,1,0.05850487540628386,43.6805,-71.5811
793,New Hampshire,2017.0,10,0.05341246290801187,43.6805,-71.5811
794,New Hampshire,2017.0,11,0.06743940990516333,43.6805,-71.5811
795,New Hampshire,2017.0,12,0.06747787610619468,43.6805,-71.5811
796,New Hampshire,2017.0,2,0.07622298065984073,43.6805,-71.5811
797,New Hampshire,2017.0,3,0.029787234042553193,43.6805,-71.5811
798,New Hampshire,2017.0,4,0.04085801838610827,43.6805,-71.5811
799,New Hampshire,2017.0,5,0.0521901211556384,43.6805,-71.5811
800,New Hampshire,2017.0,6,0.055758683729433274,43.6805,-71.5811
801,New Hampshire,2017.0,7,0.061167747914735865,43.6805,-71.5811
802,New Hampshire,2017.0,8,0.07063197026022305,43.6805,-71.5811
803,New Hampshire,2017.0,9,0.07190795781399809,43.6805,-71.5811
804,New Hampshire,2018.0,1,0.061076604554865424,43.6805,-71.5811
805,New Hampshire,2018.0,10,0.06225296442687747,43.6805,-71.5811
806,New Hampshire,2018.0,11,0.05439330543933055,43.6805,-71.5811
807,New Hampshire,2018.0,12,0.038461538461538464,43.6805,-71.5811
808,New Hampshire,2018.0,2,0.034278959810874705,43.6805,-71.5811
809,New Hampshire,2018.0,3,0.06686626746506986,43.6805,-71.5811
810,New Hampshire,2018.0,4,0.052361396303901436,43.6805,-71.5811
811,New Hampshire,2018.0,5,0.056640625,43.6805,-71.5811
812,New Hampshire,2018.0,6,0.0703205791106515,43.6805,-71.5811
813,New Hampshire,2018.0,7,0.05904059040590406,43.6805,-71.5811
814,New Hampshire,2018.0,8,0.07706422018348624,43.6805,-71.5811
815,New Hampshire,2018.0,9,0.04619826756496631,43.6805,-71.5811
816,New Hampshire,2019.0,1,0.05139664804469274,43.6805,-71.5811
817,New Hampshire,2019.0,10,0.053742802303262956,43.6805,-71.5811
818,New Hampshire,2019.0,11,0.04858757062146893,43.6805,-71.5811
819,New Hampshire,2019.0,12,0.046486486486486484,43.6805,-71.5811
820,New Hampshire,2019.0,2,0.06713780918727916,43.6805,-71.5811
821,New Hampshire,2019.0,3,0.06190975865687303,43.6805,-71.5811
822,New Hampshire,2019.0,4,0.040082219938335044,43.6805,-71.5811
823,New Hampshire,2019.0,5,0.046906187624750496,43.6805,-71.5811
824,New Hampshire,2019.0,6,0.06537282941777324,43.6805,-71.5811
825,New Hampshire,2019.0,7,0.04744186046511628,43.6805,-71.5811
826,New Hampshire,2019.0,8,0.05056179775280899,43.6805,-71.5811
827,New Hampshire,2019.0,9,0.04718875502008032,43.6805,-71.5811
828,New Hampshire,2020.0,1,0.06666666666666667,43.6805,-71.5811
829,New Hampshire,2020.0,10,0.05759682224428997,43.6805,-71.5811
830,New Hampshire,2020.0,11,0.038901601830663615,43.6805,-71.5811
831,New Hampshire,2020.0,12,0.05548854041013269,43.6805,-71.5811
832,New Hampshire,2020.0,2,0.07092198581560284,43.6805,-71.5811
833,New Hampshire,2020.0,3,0.0658682634730539,43.6805,-71.5811
834,New Hampshire,2020.0,4,0.05629477993858751,43.6805,-71.5811
835,New Hampshire,2020.0,5,0.04833836858006042,43.6805,-71.5811
836,New Hampshire,2020.0,6,0.05740181268882175,43.6805,-71.5811
837,New Hampshire,2020.0,7,0.06336805555555555,43.6805,-71.5811
838,New Hampshire,2020.0,8,0.05177372962607862,43.6805,-71.5811
839,New Hampshire,2020.0,9,0.06639839034205232,43.6805,-71.5811
840,New Jersey,2016.0,1,0.08402743753062224,40.1907,-74.6728
841,New Jersey,2016.0,10,0.07824046920821115,40.1907,-74.6728
842,New Jersey,2016.0,11,0.0831536065180925,40.1907,-74.6728
843,New Jersey,2016.0,12,0.0894718351094976,40.1907,-74.6728
844,New Jersey,2016.0,2,0.07813882918194462,40.1907,-74.6728
845,New Jersey,2016.0,3,0.08044219687169235,40.1907,-74.6728
846,New Jersey,2016.0,4,0.0815847938780548,40.1907,-74.6728
847,New Jersey,2016.0,5,0.07983434947659036,40.1907,-74.6728
848,New Jersey,2016.0,6,0.07843361114282453,40.1907,-74.6728
849,New Jersey,2016.0,7,0.0789099266717741,40.1907,-74.6728
850,New Jersey,2016.0,8,0.07454727252527497,40.1907,-74.6728
851,New Jersey,2016.0,9,0.07602801626751017,40.1907,-74.6728
852,New Jersey,2017.0,1,0.07710572356910772,40.1907,-74.6728
853,New Jersey,2017.0,10,0.07678943710910355,40.1907,-74.6728
854,New Jersey,2017.0,11,0.07688684799246438,40.1907,-74.6728
855,New Jersey,2017.0,12,0.07805703238279361,40.1907,-74.6728
856,New Jersey,2017.0,2,0.08303297290081431,40.1907,-74.6728
857,New Jersey,2017.0,3,0.07636106528399718,40.1907,-74.6728
858,New Jersey,2017.0,4,0.07413127413127413,40.1907,-74.6728
859,New Jersey,2017.0,5,0.09058906360009387,40.1907,-74.6728
860,New Jersey,2017.0,6,0.08408512606985889,40.1907,-74.6728
861,New Jersey,2017.0,7,0.07520484902907172,40.1907,-74.6728
862,New Jersey,2017.0,8,0.07788944723618091,40.1907,-74.6728
863,New Jersey,2017.0,9,0.08005038937242327,40.1907,-74.6728
864,New Jersey,2018.0,1,0.08310959238467171,40.1907,-74.6728
865,New Jersey,2018.0,10,0.08513591671486408,40.1907,-74.6728
866,New Jersey,2018.0,11,0.07812694075270153,40.1907,-74.6728
867,New Jersey,2018.0,12,0.08690869086908691,40.1907,-74.6728
868,New Jersey,2018.0,2,0.07577789699570815,40.1907,-74.6728
869,New Jersey,2018.0,3,0.07475317348377997,40.1907,-74.6728
870,New Jersey,2018.0,4,0.08039769240211121,40.1907,-74.6728
871,New Jersey,2018.0,5,0.08209819360815192,40.1907,-74.6728
872,New Jersey,2018.0,6,0.0808456266697642,40.1907,-74.6728
873,New Jersey,2018.0,7,0.0737546805854987,40.1907,-74.6728
874,New Jersey,2018.0,8,0.07439801317352338,40.1907,-74.6728
875,New Jersey,2018.0,9,0.07281384275926141,40.1907,-74.6728
876,New Jersey,2019.0,1,0.0781620676738669,40.1907,-74.6728
877,New Jersey,2019.0,10,0.07649057045800632,40.1907,-74.6728
878,New Jersey,2019.0,11,0.08107769423558897,40.1907,-74.6728
879,New Jersey,2019.0,12,0.07609502598366741,40.1907,-74.6728
880,New Jersey,2019.0,2,0.08201849836779107,40.1907,-74.6728
881,New Jersey,2019.0,3,0.08436755672558606,40.1907,-74.6728
882,New Jersey,2019.0,4,0.07504341354502604,40.1907,-74.6728
883,New Jersey,2019.0,5,0.07693218132323353,40.1907,-74.6728
884,New Jersey,2019.0,6,0.0793860175080945,40.1907,-74.6728
885,New Jersey,2019.0,7,0.07707194899817851,40.1907,-74.6728
886,New Jersey,2019.0,8,0.07208791208791208,40.1907,-74.6728
887,New Jersey,2019.0,9,0.07874643874643875,40.1907,-74.6728
888,New Jersey,2020.0,1,0.07882136279926336,40.1907,-74.6728
889,New Jersey,2020.0,10,0.07746656573303053,40.1907,-74.6728
890,New Jersey,2020.0,11,0.07011449890647112,40.1907,-74.6728
891,New Jersey,2020.0,12,0.07484872401999473,40.1907,-74.6728
892,New Jersey,2020.0,2,0.08015368309485957,40.1907,-74.6728
893,New Jersey,2020.0,3,0.08051470588235295,40.1907,-74.6728
894,New Jersey,2020.0,4,0.08084291187739463,40.1907,-74.6728
895,New Jersey,2020.0,5,0.07161613750298401,40.1907,-74.6728
896,New Jersey,2020.0,6,0.07565516423574055,40.1907,-74.6728
897,New Jersey,2020.0,7,0.0820612877309767,40.1907,-74.6728
898,New Jersey,2020.0,8,0.07463550104142559,40.1907,-74.6728
899,New Jersey,2020.0,9,0.07285151725735464,40.1907,-74.6728
900,New York,2016.0,1,0.07725680832157232,42.9538,-75.5268
901,New York,2016.0,10,0.08003274997441408,42.9538,-75.5268
902,New York,2016.0,11,0.08094218415417559,42.9538,-75.5268
903,New York,2016.0,12,0.08514052067698359,42.9538,-75.5268
904,New York,2016.0,2,0.07746014293567895,42.9538,-75.5268
905,New York,2016.0,3,0.08178769778895525,42.9538,-75.5268
906,New York,2016.0,4,0.0820007340219158,42.9538,-75.5268
907,New York,2016.0,5,0.0766175657332462,42.9538,-75.5268
908,New York,2016.0,6,0.0786585677096626,42.9538,-75.5268
909,New York,2016.0,7,0.07621550591327202,42.9538,-75.5268
910,New York,2016.0,8,0.0778245050323678,42.9538,-75.5268
911,New York,2016.0,9,0.07783535977675902,42.9538,-75.5268
912,New York,2017.0,1,0.08106798729611886,42.9538,-75.5268
913,New York,2017.0,10,0.08495701276898815,42.9538,-75.5268
914,New York,2017.0,11,0.07839418365734155,42.9538,-75.5268
915,New York,2017.0,12,0.08161073825503355,42.9538,-75.5268
916,New York,2017.0,2,0.08243353070939277,42.9538,-75.5268
917,New York,2017.0,3,0.07886568106487084,42.9538,-75.5268
918,New York,2017.0,4,0.08005249343832022,42.9538,-75.5268
919,New York,2017.0,5,0.07912099329835316,42.9538,-75.5268
920,New York,2017.0,6,0.08098266488870653,42.9538,-75.5268
921,New York,2017.0,7,0.08255205763347478,42.9538,-75.5268
922,New York,2017.0,8,0.07903076398030325,42.9538,-75.5268
923,New York,2017.0,9,0.07962505669505619,42.9538,-75.5268
924,New York,2018.0,1,0.0852225020990764,42.9538,-75.5268
925,New York,2018.0,10,0.07919763030712466,42.9538,-75.5268
926,New York,2018.0,11,0.08217908168829753,42.9538,-75.5268
927,New York,2018.0,12,0.083673136519328,42.9538,-75.5268
928,New York,2018.0,2,0.08074534161490683,42.9538,-75.5268
929,New York,2018.0,3,0.08383681762284126,42.9538,-75.5268
930,New York,2018.0,4,0.08333333333333333,42.9538,-75.5268
931,New York,2018.0,5,0.07965824209556943,42.9538,-75.5268
932,New York,2018.0,6,0.07863601136657195,42.9538,-75.5268
933,New York,2018.0,7,0.0758038258038258,42.9538,-75.5268
934,New York,2018.0,8,0.07718831584651002,42.9538,-75.5268
935,New York,2018.0,9,0.0771266740776031,42.9538,-75.5268
936,New York,2019.0,1,0.078626496801356,42.9538,-75.5268
937,New York,2019.0,10,0.07874642061724467,42.9538,-75.5268
938,New York,2019.0,11,0.08163726820443239,42.9538,-75.5268
939,New York,2019.0,12,0.08182918776139116,42.9538,-75.5268
940,New York,2019.0,2,0.0830367006259973,42.9538,-75.5268
941,New York,2019.0,3,0.083095995979226,42.9538,-75.5268
942,New York,2019.0,4,0.08188143612580016,42.9538,-75.5268
943,New York,2019.0,5,0.08077742279020235,42.9538,-75.5268
944,New York,2019.0,6,0.07895020478551412,42.9538,-75.5268
945,New York,2019.0,7,0.08061913885247554,42.9538,-75.5268
946,New York,2019.0,8,0.07818190889587387,42.9538,-75.5268
947,New York,2019.0,9,0.07834534628643058,42.9538,-75.5268
948,New York,2020.0,1,0.08529460857953597,42.9538,-75.5268
949,New York,2020.0,10,0.0813077713111948,42.9538,-75.5268
950,New York,2020.0,11,0.07940864574886158,42.9538,-75.5268
951,New York,2020.0,12,0.07978826415337938,42.9538,-75.5268
952,New York,2020.0,2,0.08788114778649733,42.9538,-75.5268
953,New York,2020.0,3,0.08396258311732221,42.9538,-75.5268
954,New York,2020.0,4,0.08401305057096248,42.9538,-75.5268
955,New York,2020.0,5,0.08186447316882099,42.9538,-75.5268
956,New York,2020.0,6,0.07617414393981302,42.9538,-75.5268
957,New York,2020.0,7,0.07720080705107783,42.9538,-75.5268
958,New York,2020.0,8,0.08109458259325045,42.9538,-75.5268
959,New York,2020.0,9,0.08141612687067233,42.9538,-75.5268
960,North Carolina,2016.0,1,0.09109560935576529,35.5557,-79.3877
961,North Carolina,2016.0,10,0.09303697875688434,35.5557,-79.3877
962,North Carolina,2016.0,11,0.09371521101103127,35.5557,-79.3877
963,North Carolina,2016.0,12,0.09869534906881784,35.5557,-79.3877
964,North Carolina,2016.0,2,0.09332054969638862,35.5557,-79.3877
965,North Carolina,2016.0,3,0.08903410251174189,35.5557,-79.3877
966,North Carolina,2016.0,4,0.08855732073851438,35.5557,-79.3877
967,North Carolina,2016.0,5,0.08943252456386605,35.5557,-79.3877
968,North Carolina,2016.0,6,0.09055195442938518,35.5557,-79.3877
969,North Carolina,2016.0,7,0.09675890826383624,35.5557,-79.3877
970,North Carolina,2016.0,8,0.0910991908355305,35.5557,-79.3877
971,North Carolina,2016.0,9,0.09096901779828609,35.5557,-79.3877
972,North Carolina,2017.0,1,0.09476515621767019,35.5557,-79.3877
973,North Carolina,2017.0,10,0.093963664778277,35.5557,-79.3877
974,North Carolina,2017.0,11,0.0947670392719359,35.5557,-79.3877
975,North Carolina,2017.0,12,0.09546682677874511,35.5557,-79.3877
976,North Carolina,2017.0,2,0.09485944674655616,35.5557,-79.3877
977,North Carolina,2017.0,3,0.09416176768700588,35.5557,-79.3877
978,North Carolina,2017.0,4,0.09304871373836891,35.5557,-79.3877
979,North Carolina,2017.0,5,0.09345031626198735,35.5557,-79.3877
980,North Carolina,2017.0,6,0.09681922424967594,35.5557,-79.3877
981,North Carolina,2017.0,7,0.09342294767162745,35.5557,-79.3877
982,North Carolina,2017.0,8,0.0895615679971426,35.5557,-79.3877
983,North Carolina,2017.0,9,0.09263769201948295,35.5557,-79.3877
984,North Carolina,2018.0,1,0.09480466353037431,35.5557,-79.3877
985,North Carolina,2018.0,10,0.09523348188335594,35.5557,-79.3877
986,North Carolina,2018.0,11,0.09620357918692458,35.5557,-79.3877
987,North Carolina,2018.0,12,0.09677746250506689,35.5557,-79.3877
988,North Carolina,2018.0,2,0.09264179276885758,35.5557,-79.3877
989,North Carolina,2018.0,3,0.08780636013773546,35.5557,-79.3877
990,North Carolina,2018.0,4,0.08632859159517862,35.5557,-79.3877
991,North Carolina,2018.0,5,0.09207730446220783,35.5557,-79.3877
992,North Carolina,2018.0,6,0.09119904315757998,35.5557,-79.3877
993,North Carolina,2018.0,7,0.0934963325183374,35.5557,-79.3877
994,North Carolina,2018.0,8,0.09346650783469257,35.5557,-79.3877
995,North Carolina,2018.0,9,0.08730691739422432,35.5557,-79.3877
996,North Carolina,2019.0,1,0.09147982062780269,35.5557,-79.3877
997,North Carolina,2019.0,10,0.09335302806499261,35.5557,-79.3877
998,North Carolina,2019.0,11,0.0936007640878701,35.5557,-79.3877
999,North Carolina,2019.0,12,0.09736815771039728,35.5557,-79.3877
1000,North Carolina,2019.0,2,0.09446030839520274,35.5557,-79.3877
1001,North Carolina,2019.0,3,0.09048890714872637,35.5557,-79.3877
1002,North Carolina,2019.0,4,0.09010562621254581,35.5557,-79.3877
1003,North Carolina,2019.0,5,0.09612883865159548,35.5557,-79.3877
1004,North Carolina,2019.0,6,0.09192142031726022,35.5557,-79.3877
1005,North Carolina,2019.0,7,0.09627358942427436,35.5557,-79.3877
1006,North Carolina,2019.0,8,0.09332356442897702,35.5557,-79.3877
1007,North Carolina,2019.0,9,0.08892746913580248,35.5557,-79.3877
1008,North Carolina,2020.0,1,0.09883957654723127,35.5557,-79.3877
1009,North Carolina,2020.0,10,0.09093692590324556,35.5557,-79.3877
1010,North Carolina,2020.0,11,0.09855497855046286,35.5557,-79.3877
1011,North Carolina,2020.0,12,0.09580282561616994,35.5557,-79.3877
1012,North Carolina,2020.0,2,0.09192383453709783,35.5557,-79.3877
1013,North Carolina,2020.0,3,0.09840588595953403,35.5557,-79.3877
1014,North Carolina,2020.0,4,0.09982806791317429,35.5557,-79.3877
1015,North Carolina,2020.0,5,0.09593023255813954,35.5557,-79.3877
1016,North Carolina,2020.0,6,0.09244737928188196,35.5557,-79.3877
1017,North Carolina,2020.0,7,0.09604851330203443,35.5557,-79.3877
1018,North Carolina,2020.0,8,0.09164523197103934,35.5557,-79.3877
1019,North Carolina,2020.0,9,0.09119435183369289,35.5557,-79.3877
1020,Oregon,2016.0,1,0.06631953959989038,43.9336,-120.558
1021,Oregon,2016.0,10,0.06236501079913607,43.9336,-120.558
1022,Oregon,2016.0,11,0.07373400111296606,43.9336,-120.558
1023,Oregon,2016.0,12,0.06331213713021841,43.9336,-120.558
1024,Oregon,2016.0,2,0.0625,43.9336,-120.558
1025,Oregon,2016.0,3,0.06237218813905931,43.9336,-120.558
1026,Oregon,2016.0,4,0.06585365853658537,43.9336,-120.558
1027,Oregon,2016.0,5,0.06711236821805092,43.9336,-120.558
1028,Oregon,2016.0,6,0.06517150395778364,43.9336,-120.558
1029,Oregon,2016.0,7,0.059112092224675006,43.9336,-120.558
1030,Oregon,2016.0,8,0.06382448267265022,43.9336,-120.558
1031,Oregon,2016.0,9,0.06323604710701484,43.9336,-120.558
1032,Oregon,2017.0,1,0.07179781734635267,43.9336,-120.558
1033,Oregon,2017.0,10,0.06208240534521158,43.9336,-120.558
1034,Oregon,2017.0,11,0.06323529411764706,43.9336,-120.558
1035,Oregon,2017.0,12,0.07665903890160183,43.9336,-120.558
1036,Oregon,2017.0,2,0.07486136783733827,43.9336,-120.558
1037,Oregon,2017.0,3,0.07113543091655267,43.9336,-120.558
1038,Oregon,2017.0,4,0.06313416009019165,43.9336,-120.558
1039,Oregon,2017.0,5,0.06433203631647211,43.9336,-120.558
1040,Oregon,2017.0,6,0.0666135881104034,43.9336,-120.558
1041,Oregon,2017.0,7,0.06852925672113865,43.9336,-120.558
1042,Oregon,2017.0,8,0.05512622359608449,43.9336,-120.558
1043,Oregon,2017.0,9,0.0637788998139782,43.9336,-120.558
1044,Oregon,2018.0,1,0.07446504992867332,43.9336,-120.558
1045,Oregon,2018.0,10,0.06892655367231638,43.9336,-120.558
1046,Oregon,2018.0,11,0.064545181627139,43.9336,-120.558
1047,Oregon,2018.0,12,0.06644417475728155,43.9336,-120.558
1048,Oregon,2018.0,2,0.06983511154219205,43.9336,-120.558
1049,Oregon,2018.0,3,0.06725958866036687,43.9336,-120.558
1050,Oregon,2018.0,4,0.05829596412556054,43.9336,-120.558
1051,Oregon,2018.0,5,0.06243184296619411,43.9336,-120.558
1052,Oregon,2018.0,6,0.06983777838878197,43.9336,-120.558
1053,Oregon,2018.0,7,0.05986577181208054,43.9336,-120.558
1054,Oregon,2018.0,8,0.05670103092783505,43.9336,-120.558
1055,Oregon,2018.0,9,0.06896551724137931,43.9336,-120.558
1056,Oregon,2019.0,1,0.06525522041763342,43.9336,-120.558
1057,Oregon,2019.0,10,0.06546598056032019,43.9336,-120.558
1058,Oregon,2019.0,11,0.06572045664918236,43.9336,-120.558
1059,Oregon,2019.0,12,0.07166416791604198,43.9336,-120.558
1060,Oregon,2019.0,2,0.06205398696866274,43.9336,-120.558
1061,Oregon,2019.0,3,0.07022552098201541,43.9336,-120.558
1062,Oregon,2019.0,4,0.05809959931310819,43.9336,-120.558
1063,Oregon,2019.0,5,0.07466442953020135,43.9336,-120.558
1064,Oregon,2019.0,6,0.06736609607951408,43.9336,-120.558
1065,Oregon,2019.0,7,0.06054111974283418,43.9336,-120.558
1066,Oregon,2019.0,8,0.062430939226519336,43.9336,-120.558
1067,Oregon,2019.0,9,0.06593087423758351,43.9336,-120.558
1068,Oregon,2020.0,1,0.06987577639751552,43.9336,-120.558
1069,Oregon,2020.0,10,0.05807622504537205,43.9336,-120.558
1070,Oregon,2020.0,11,0.06648575305291723,43.9336,-120.558
1071,Oregon,2020.0,12,0.05750798722044728,43.9336,-120.558
1072,Oregon,2020.0,2,0.0661049902786779,43.9336,-120.558
1073,Oregon,2020.0,3,0.06831742243436754,43.9336,-120.558
1074,Oregon,2020.0,4,0.06882230792049837,43.9336,-120.558
1075,Oregon,2020.0,5,0.060240963855421686,43.9336,-120.558
1076,Oregon,2020.0,6,0.058286723579629086,43.9336,-120.558
1077,Oregon,2020.0,7,0.06161923183199779,43.9336,-120.558
1078,Oregon,2020.0,8,0.06304222093695779,43.9336,-120.558
1079,Oregon,2020.0,9,0.06844336765596608,43.9336,-120.558
1080,Rhode Island,2016.0,1,0.060849598163030996,41.6762,-71.5562
1081,Rhode Island,2016.0,10,0.0660486674391657,41.6762,-71.5562
1082,Rhode Island,2016.0,11,0.06801909307875895,41.6762,-71.5562
1083,Rhode Island,2016.0,12,0.06942752740560293,41.6762,-71.5562
1084,Rhode Island,2016.0,2,0.07124681933842239,41.6762,-71.5562
1085,Rhode Island,2016.0,3,0.06989247311827956,41.6762,-71.5562
1086,Rhode Island,2016.0,4,0.0771055753262159,41.6762,-71.5562
1087,Rhode Island,2016.0,5,0.05555555555555555,41.6762,-71.5562
1088,Rhode Island,2016.0,6,0.0883668903803132,41.6762,-71.5562
1089,Rhode Island,2016.0,7,0.08615384615384615,41.6762,-71.5562
1090,Rhode Island,2016.0,8,0.055220883534136546,41.6762,-71.5562
1091,Rhode Island,2016.0,9,0.07386990077177508,41.6762,-71.5562
1092,Rhode Island,2017.0,1,0.05505761843790013,41.6762,-71.5562
1093,Rhode Island,2017.0,10,0.06104328523862375,41.6762,-71.5562
1094,Rhode Island,2017.0,11,0.06896551724137931,41.6762,-71.5562
1095,Rhode Island,2017.0,12,0.07584597432905485,41.6762,-71.5562
1096,Rhode Island,2017.0,2,0.0778061224489796,41.6762,-71.5562
1097,Rhode Island,2017.0,3,0.057919621749408984,41.6762,-71.5562
1098,Rhode Island,2017.0,4,0.0562874251497006,41.6762,-71.5562
1099,Rhode Island,2017.0,5,0.055819477434679333,41.6762,-71.5562
1100,Rhode Island,2017.0,6,0.06651884700665188,41.6762,-71.5562
1101,Rhode Island,2017.0,7,0.05925925925925926,41.6762,-71.5562
1102,Rhode Island,2017.0,8,0.06300813008130081,41.6762,-71.5562
1103,Rhode Island,2017.0,9,0.06277056277056277,41.6762,-71.5562
1104,Rhode Island,2018.0,1,0.07168894289185905,41.6762,-71.5562
1105,Rhode Island,2018.0,10,0.08211473565804274,41.6762,-71.5562
1106,Rhode Island,2018.0,11,0.055345911949685536,41.6762,-71.5562
1107,Rhode Island,2018.0,12,0.07277289836888332,41.6762,-71.5562
1108,Rhode Island,2018.0,2,0.061946902654867256,41.6762,-71.5562
1109,Rhode Island,2018.0,3,0.06963470319634703,41.6762,-71.5562
1110,Rhode Island,2018.0,4,0.06105990783410138,41.6762,-71.5562
1111,Rhode Island,2018.0,5,0.0625,41.6762,-71.5562
1112,Rhode Island,2018.0,6,0.05644171779141104,41.6762,-71.5562
1113,Rhode Island,2018.0,7,0.0592841163310962,41.6762,-71.5562
1114,Rhode Island,2018.0,8,0.05832449628844114,41.6762,-71.5562
1115,Rhode Island,2018.0,9,0.04632768361581921,41.6762,-71.5562
1116,Rhode Island,2019.0,1,0.06168446026097272,41.6762,-71.5562
1117,Rhode Island,2019.0,10,0.06960556844547564,41.6762,-71.5562
1118,Rhode Island,2019.0,11,0.061381074168797956,41.6762,-71.5562
1119,Rhode Island,2019.0,12,0.08657465495608532,41.6762,-71.5562
1120,Rhode Island,2019.0,2,0.051560379918588875,41.6762,-71.5562
1121,Rhode Island,2019.0,3,0.06801007556675064,41.6762,-71.5562
1122,Rhode Island,2019.0,4,0.05994897959183673,41.6762,-71.5562
1123,Rhode Island,2019.0,5,0.056647398843930635,41.6762,-71.5562
1124,Rhode Island,2019.0,6,0.08403361344537816,41.6762,-71.5562
1125,Rhode Island,2019.0,7,0.06589595375722543,41.6762,-71.5562
1126,Rhode Island,2019.0,8,0.06050228310502283,41.6762,-71.5562
1127,Rhode Island,2019.0,9,0.0645879732739421,41.6762,-71.5562
1128,Rhode Island,2020.0,1,0.08765432098765433,41.6762,-71.5562
1129,Rhode Island,2020.0,10,0.040097205346294046,41.6762,-71.5562
1130,Rhode Island,2020.0,11,0.06793478260869565,41.6762,-71.5562
1131,Rhode Island,2020.0,12,0.06267029972752043,41.6762,-71.5562
1132,Rhode Island,2020.0,2,0.066167290886392,41.6762,-71.5562
1133,Rhode Island,2020.0,3,0.05535924617196702,41.6762,-71.5562
1134,Rhode Island,2020.0,4,0.07160493827160494,41.6762,-71.5562
1135,Rhode Island,2020.0,5,0.08284714119019837,41.6762,-71.5562
1136,Rhode Island,2020.0,6,0.06682577565632458,41.6762,-71.5562
1137,Rhode Island,2020.0,7,0.05711086226203808,41.6762,-71.5562
1138,Rhode Island,2020.0,8,0.0681081081081081,41.6762,-71.5562
1139,Rhode Island,2020.0,9,0.06427688504326329,41.6762,-71.5562
1140,South Carolina,2016.0,1,0.09689677010766308,33.9169,-80.8964
1141,South Carolina,2016.0,10,0.0992787441663131,33.9169,-80.8964
1142,South Carolina,2016.0,11,0.09410526315789473,33.9169,-80.8964
1143,South Carolina,2016.0,12,0.09234882764294529,33.9169,-80.8964
1144,South Carolina,2016.0,2,0.08159605469625644,33.9169,-80.8964
1145,South Carolina,2016.0,3,0.09733222175906628,33.9169,-80.8964
1146,South Carolina,2016.0,4,0.09773920986526605,33.9169,-80.8964
1147,South Carolina,2016.0,5,0.09696839389378628,33.9169,-80.8964
1148,South Carolina,2016.0,6,0.0898018166804294,33.9169,-80.8964
1149,South Carolina,2016.0,7,0.09868421052631579,33.9169,-80.8964
1150,South Carolina,2016.0,8,0.10123171670515782,33.9169,-80.8964
1151,South Carolina,2016.0,9,0.09105592570159499,33.9169,-80.8964
1152,South Carolina,2017.0,1,0.09369639794168096,33.9169,-80.8964
1153,South Carolina,2017.0,10,0.09506172839506173,33.9169,-80.8964
1154,South Carolina,2017.0,11,0.09560067681895093,33.9169,-80.8964
1155,South Carolina,2017.0,12,0.09634198213526159,33.9169,-80.8964
1156,South Carolina,2017.0,2,0.09585853885528153,33.9169,-80.8964
1157,South Carolina,2017.0,3,0.0925498426023085,33.9169,-80.8964
1158,South Carolina,2017.0,4,0.09463574607636449,33.9169,-80.8964
1159,South Carolina,2017.0,5,0.09686486486486487,33.9169,-80.8964
1160,South Carolina,2017.0,6,0.10498182595680992,33.9169,-80.8964
1161,South Carolina,2017.0,7,0.09742120343839542,33.9169,-80.8964
1162,South Carolina,2017.0,8,0.09484536082474226,33.9169,-80.8964
1163,South Carolina,2017.0,9,0.09232590254488064,33.9169,-80.8964
1164,South Carolina,2018.0,1,0.09537877189280439,33.9169,-80.8964
1165,South Carolina,2018.0,10,0.0832478982981341,33.9169,-80.8964
1166,South Carolina,2018.0,11,0.09191254510719593,33.9169,-80.8964
1167,South Carolina,2018.0,12,0.09234882764294529,33.9169,-80.8964
1168,South Carolina,2018.0,2,0.08815028901734104,33.9169,-80.8964
1169,South Carolina,2018.0,3,0.09583154275891706,33.9169,-80.8964
1170,South Carolina,2018.0,4,0.09522747546833185,33.9169,-80.8964
1171,South Carolina,2018.0,5,0.09367731021357581,33.9169,-80.8964
1172,South Carolina,2018.0,6,0.10013410818059902,33.9169,-80.8964
1173,South Carolina,2018.0,7,0.1078614395353661,33.9169,-80.8964
1174,South Carolina,2018.0,8,0.09622861586314152,33.9169,-80.8964
1175,South Carolina,2018.0,9,0.09873262469337694,33.9169,-80.8964
1176,South Carolina,2019.0,1,0.09622411693057248,33.9169,-80.8964
1177,South Carolina,2019.0,10,0.10295003010234799,33.9169,-80.8964
1178,South Carolina,2019.0,11,0.10427807486631016,33.9169,-80.8964
1179,South Carolina,2019.0,12,0.09926854754440961,33.9169,-80.8964
1180,South Carolina,2019.0,2,0.1033427495291902,33.9169,-80.8964
1181,South Carolina,2019.0,3,0.0939538929969552,33.9169,-80.8964
1182,South Carolina,2019.0,4,0.09197475202885483,33.9169,-80.8964
1183,South Carolina,2019.0,5,0.09396943411813301,33.9169,-80.8964
1184,South Carolina,2019.0,6,0.10212381382738364,33.9169,-80.8964
1185,South Carolina,2019.0,7,0.10214626391096979,33.9169,-80.8964
1186,South Carolina,2019.0,8,0.09628091372474985,33.9169,-80.8964
1187,South Carolina,2019.0,9,0.08979341378605031,33.9169,-80.8964
1188,South Carolina,2020.0,1,0.09780524184956318,33.9169,-80.8964
1189,South Carolina,2020.0,10,0.10459453737031547,33.9169,-80.8964
1190,South Carolina,2020.0,11,0.09279300023025558,33.9169,-80.8964
1191,South Carolina,2020.0,12,0.09853862212943633,33.9169,-80.8964
1192,South Carolina,2020.0,2,0.10444601270289344,33.9169,-80.8964
1193,South Carolina,2020.0,3,0.09452523524379812,33.9169,-80.8964
1194,South Carolina,2020.0,4,0.09155413138017852,33.9169,-80.8964
1195,South Carolina,2020.0,5,0.09440636745522883,33.9169,-80.8964
1196,South Carolina,2020.0,6,0.09506118881118882,33.9169,-80.8964
1197,South Carolina,2020.0,7,0.09933361099541857,33.9169,-80.8964
1198,South Carolina,2020.0,8,0.09398420093173993,33.9169,-80.8964
1199,South Carolina,2020.0,9,0.09856850715746421,33.9169,-80.8964
1200,Texas,2016.0,1,0.08324260428655862,31.4757,-99.3312
1201,Texas,2016.0,10,0.08307329997056226,31.4757,-99.3312
1202,Texas,2016.0,11,0.08376047759753964,31.4757,-99.3312
1203,Texas,2016.0,12,0.08468559837728194,31.4757,-99.3312
1204,Texas,2016.0,2,0.0842895547832929,31.4757,-99.3312
1205,Texas,2016.0,3,0.0820355274364278,31.4757,-99.3312
1206,Texas,2016.0,4,0.08455702796861264,31.4757,-99.3312
1207,Texas,2016.0,5,0.08646312647680637,31.4757,-99.3312
1208,Texas,2016.0,6,0.08476058376552889,31.4757,-99.3312
1209,Texas,2016.0,7,0.08738575111319428,31.4757,-99.3312
1210,Texas,2016.0,8,0.08351454760659528,31.4757,-99.3312
1211,Texas,2016.0,9,0.08077836859373232,31.4757,-99.3312
1212,Texas,2017.0,1,0.08585347336454512,31.4757,-99.3312
1213,Texas,2017.0,10,0.08339828526890102,31.4757,-99.3312
1214,Texas,2017.0,11,0.08439619237230138,31.4757,-99.3312
1215,Texas,2017.0,12,0.08567314614830814,31.4757,-99.3312
1216,Texas,2017.0,2,0.08399216399636185,31.4757,-99.3312
1217,Texas,2017.0,3,0.08486859056944086,31.4757,-99.3312
1218,Texas,2017.0,4,0.08241282592887565,31.4757,-99.3312
1219,Texas,2017.0,5,0.08481970999615039,31.4757,-99.3312
1220,Texas,2017.0,6,0.08362369337979095,31.4757,-99.3312
1221,Texas,2017.0,7,0.08609047940580689,31.4757,-99.3312
1222,Texas,2017.0,8,0.08347607628183168,31.4757,-99.3312
1223,Texas,2017.0,9,0.08167751011077896,31.4757,-99.3312
1224,Texas,2018.0,1,0.0831609303491944,31.4757,-99.3312
1225,Texas,2018.0,10,0.08527574191998077,31.4757,-99.3312
1226,Texas,2018.0,11,0.08778323562034543,31.4757,-99.3312
1227,Texas,2018.0,12,0.08413714067424315,31.4757,-99.3312
1228,Texas,2018.0,2,0.0822008966096946,31.4757,-99.3312
1229,Texas,2018.0,3,0.08073543768304588,31.4757,-99.3312
1230,Texas,2018.0,4,0.08485458457694177,31.4757,-99.3312
1231,Texas,2018.0,5,0.085703230798994,31.4757,-99.3312
1232,Texas,2018.0,6,0.08748399487836107,31.4757,-99.3312
1233,Texas,2018.0,7,0.08438625404382592,31.4757,-99.3312
1234,Texas,2018.0,8,0.08559056033480586,31.4757,-99.3312
1235,Texas,2018.0,9,0.08382214387745798,31.4757,-99.3312
1236,Texas,2019.0,1,0.08182134827902852,31.4757,-99.3312
1237,Texas,2019.0,10,0.08446996889207944,31.4757,-99.3312
1238,Texas,2019.0,11,0.08743187339943528,31.4757,-99.3312
1239,Texas,2019.0,12,0.08262037866386633,31.4757,-99.3312
1240,Texas,2019.0,2,0.08524437437293966,31.4757,-99.3312
1241,Texas,2019.0,3,0.08601384364820847,31.4757,-99.3312
1242,Texas,2019.0,4,0.0831781081721814,31.4757,-99.3312
1243,Texas,2019.0,5,0.0841109589477372,31.4757,-99.3312
1244,Texas,2019.0,6,0.08889627659574469,31.4757,-99.3312
1245,Texas,2019.0,7,0.08566843966362583,31.4757,-99.3312
1246,Texas,2019.0,8,0.08352688421786088,31.4757,-99.3312
1247,Texas,2019.0,9,0.07851450909637649,31.4757,-99.3312
1248,Texas,2020.0,1,0.08231262296122359,31.4757,-99.3312
1249,Texas,2020.0,10,0.08367755664038053,31.4757,-99.3312
1250,Texas,2020.0,11,0.08225979602791197,31.4757,-99.3312
1251,Texas,2020.0,12,0.08324822928677318,31.4757,-99.3312
1252,Texas,2020.0,2,0.08035275103646967,31.4757,-99.3312
1253,Texas,2020.0,3,0.083308588208123,31.4757,-99.3312
1254,Texas,2020.0,4,0.07955603047120058,31.4757,-99.3312
1255,Texas,2020.0,5,0.08421302739214555,31.4757,-99.3312
1256,Texas,2020.0,6,0.08360583892391195,31.4757,-99.3312
1257,Texas,2020.0,7,0.0876766308530616,31.4757,-99.3312
1258,Texas,2020.0,8,0.08071419836125719,31.4757,-99.3312
1259,Texas,2020.0,9,0.076515361622138,31.4757,-99.3312
1260,Virginia,2016.0,1,0.08636252744571847,37.5215,-78.8537
1261,Virginia,2016.0,10,0.08273208273208273,37.5215,-78.8537
1262,Virginia,2016.0,11,0.07999003239471716,37.5215,-78.8537
1263,Virginia,2016.0,12,0.08487394957983194,37.5215,-78.8537
1264,Virginia,2016.0,2,0.08327119065374099,37.5215,-78.8537
1265,Virginia,2016.0,3,0.07808535178777393,37.5215,-78.8537
1266,Virginia,2016.0,4,0.08065494238932687,37.5215,-78.8537
1267,Virginia,2016.0,5,0.07209673739447867,37.5215,-78.8537
1268,Virginia,2016.0,6,0.08130646282140375,37.5215,-78.8537
1269,Virginia,2016.0,7,0.0782520325203252,37.5215,-78.8537
1270,Virginia,2016.0,8,0.07631550859216565,37.5215,-78.8537
1271,Virginia,2016.0,9,0.08233701782088879,37.5215,-78.8537
1272,Virginia,2017.0,1,0.08511163192302948,37.5215,-78.8537
1273,Virginia,2017.0,10,0.07975671333486344,37.5215,-78.8537
1274,Virginia,2017.0,11,0.08243684274144808,37.5215,-78.8537
1275,Virginia,2017.0,12,0.08670023332923983,37.5215,-78.8537
1276,Virginia,2017.0,2,0.07905686546463246,37.5215,-78.8537
1277,Virginia,2017.0,3,0.08992118461905899,37.5215,-78.8537
1278,Virginia,2017.0,4,0.08181106471816284,37.5215,-78.8537
1279,Virginia,2017.0,5,0.0807541800071149,37.5215,-78.8537
1280,Virginia,2017.0,6,0.0871915393654524,37.5215,-78.8537
1281,Virginia,2017.0,7,0.08333333333333333,37.5215,-78.8537
1282,Virginia,2017.0,8,0.0804647627321099,37.5215,-78.8537
1283,Virginia,2017.0,9,0.0840663623204543,37.5215,-78.8537
1284,Virginia,2018.0,1,0.08152436082971538,37.5215,-78.8537
1285,Virginia,2018.0,10,0.08194984104556693,37.5215,-78.8537
1286,Virginia,2018.0,11,0.08014888337468982,37.5215,-78.8537
1287,Virginia,2018.0,12,0.08245591779779272,37.5215,-78.8537
1288,Virginia,2018.0,2,0.0817320703653586,37.5215,-78.8537
1289,Virginia,2018.0,3,0.0828941063727839,37.5215,-78.8537
1290,Virginia,2018.0,4,0.0812125748502994,37.5215,-78.8537
1291,Virginia,2018.0,5,0.0793070940372378,37.5215,-78.8537
1292,Virginia,2018.0,6,0.08190430507255067,37.5215,-78.8537
1293,Virginia,2018.0,7,0.07813040969417195,37.5215,-78.8537
1294,Virginia,2018.0,8,0.08029278030387046,37.5215,-78.8537
1295,Virginia,2018.0,9,0.08918732782369146,37.5215,-78.8537
1296,Virginia,2019.0,1,0.0887943971985993,37.5215,-78.8537
1297,Virginia,2019.0,10,0.07907377755881266,37.5215,-78.8537
1298,Virginia,2019.0,11,0.0842504743833017,37.5215,-78.8537
1299,Virginia,2019.0,12,0.0891238670694864,37.5215,-78.8537
1300,Virginia,2019.0,2,0.08542014468558709,37.5215,-78.8537
1301,Virginia,2019.0,3,0.08229090017169487,37.5215,-78.8537
1302,Virginia,2019.0,4,0.07968889455565473,37.5215,-78.8537
1303,Virginia,2019.0,5,0.08259765388801547,37.5215,-78.8537
1304,Virginia,2019.0,6,0.08678856554210662,37.5215,-78.8537
1305,Virginia,2019.0,7,0.08563471803202599,37.5215,-78.8537
1306,Virginia,2019.0,8,0.08343753552347391,37.5215,-78.8537
1307,Virginia,2019.0,9,0.07479319852941177,37.5215,-78.8537
1308,Virginia,2020.0,1,0.0872100392952212,37.5215,-78.8537
1309,Virginia,2020.0,10,0.08743169398907104,37.5215,-78.8537
1310,Virginia,2020.0,11,0.07954079540795408,37.5215,-78.8537
1311,Virginia,2020.0,12,0.08525683789192795,37.5215,-78.8537
1312,Virginia,2020.0,2,0.08065810593900481,37.5215,-78.8537
1313,Virginia,2020.0,3,0.07695238095238095,37.5215,-78.8537
1314,Virginia,2020.0,4,0.0787187135261315,37.5215,-78.8537
1315,Virginia,2020.0,5,0.08465808730759526,37.5215,-78.8537
1316,Virginia,2020.0,6,0.08045977011494253,37.5215,-78.8537
1317,Virginia,2020.0,7,0.08272015191075244,37.5215,-78.8537
1318,Virginia,2020.0,8,0.08083086053412462,37.5215,-78.8537
1319,Virginia,2020.0,9,0.08270583878533515,37.5215,-78.8537
1320,Washington,2016.0,1,0.06428472892812802,47.3826,-120.447
1321,Washington,2016.0,10,0.06233315536572344,47.3826,-120.447
1322,Washington,2016.0,11,0.0655152726234656,47.3826,-120.447
1323,Washington,2016.0,12,0.0696663863190356,47.3826,-120.447
1324,Washington,2016.0,2,0.06364163525659612,47.3826,-120.447
1325,Washington,2016.0,3,0.06250819027650373,47.3826,-120.447
1326,Washington,2016.0,4,0.06126644736842105,47.3826,-120.447
1327,Washington,2016.0,5,0.06422253557236252,47.3826,-120.447
1328,Washington,2016.0,6,0.06268056776786836,47.3826,-120.447
1329,Washington,2016.0,7,0.06195679165631984,47.3826,-120.447
1330,Washington,2016.0,8,0.06503357373787615,47.3826,-120.447
1331,Washington,2016.0,9,0.058135048231511256,47.3826,-120.447
1332,Washington,2017.0,1,0.06274731486715658,47.3826,-120.447
1333,Washington,2017.0,10,0.06794907279269305,47.3826,-120.447
1334,Washington,2017.0,11,0.06747600225861096,47.3826,-120.447
1335,Washington,2017.0,12,0.06924525568593365,47.3826,-120.447
1336,Washington,2017.0,2,0.06100151745068285,47.3826,-120.447
1337,Washington,2017.0,3,0.069164265129683,47.3826,-120.447
1338,Washington,2017.0,4,0.06843205574912892,47.3826,-120.447
1339,Washington,2017.0,5,0.06512659879926912,47.3826,-120.447
1340,Washington,2017.0,6,0.06362785723833712,47.3826,-120.447
1341,Washington,2017.0,7,0.06487754038561751,47.3826,-120.447
1342,Washington,2017.0,8,0.06540977298961138,47.3826,-120.447
1343,Washington,2017.0,9,0.05913906396674266,47.3826,-120.447
1344,Washington,2018.0,1,0.06640125124413479,47.3826,-120.447
1345,Washington,2018.0,10,0.07040270346381301,47.3826,-120.447
1346,Washington,2018.0,11,0.06475860075166233,47.3826,-120.447
1347,Washington,2018.0,12,0.06482861400894188,47.3826,-120.447
1348,Washington,2018.0,2,0.06397622399499453,47.3826,-120.447
1349,Washington,2018.0,3,0.06872198831997826,47.3826,-120.447
1350,Washington,2018.0,4,0.06724728726442034,47.3826,-120.447
1351,Washington,2018.0,5,0.06581452270872994,47.3826,-120.447
1352,Washington,2018.0,6,0.06657534246575343,47.3826,-120.447
1353,Washington,2018.0,7,0.06334957681456783,47.3826,-120.447
1354,Washington,2018.0,8,0.06694024108745832,47.3826,-120.447
1355,Washington,2018.0,9,0.05894678027657494,47.3826,-120.447
1356,Washington,2019.0,1,0.06099353321575544,47.3826,-120.447
1357,Washington,2019.0,10,0.06484787887444651,47.3826,-120.447
1358,Washington,2019.0,11,0.06594594594594595,47.3826,-120.447
1359,Washington,2019.0,12,0.07123493975903615,47.3826,-120.447
1360,Washington,2019.0,2,0.0616277246354085,47.3826,-120.447
1361,Washington,2019.0,3,0.05787515502273667,47.3826,-120.447
1362,Washington,2019.0,4,0.06370991043051141,47.3826,-120.447
1363,Washington,2019.0,5,0.06681751630507121,47.3826,-120.447
1364,Washington,2019.0,6,0.07156726768377254,47.3826,-120.447
1365,Washington,2019.0,7,0.06031457168854803,47.3826,-120.447
1366,Washington,2019.0,8,0.05828021334720958,47.3826,-120.447
1367,Washington,2019.0,9,0.061033519553072624,47.3826,-120.447
1368,Washington,2020.0,1,0.07686654908877132,47.3826,-120.447
1369,Washington,2020.0,10,0.06318485840330156,47.3826,-120.447
1370,Washington,2020.0,11,0.06259854935351625,47.3826,-120.447
1371,Washington,2020.0,12,0.07059545733578883,47.3826,-120.447
1372,Washington,2020.0,2,0.0687116564417178,47.3826,-120.447
1373,Washington,2020.0,3,0.06257110352673492,47.3826,-120.447
1374,Washington,2020.0,4,0.06532222709338009,47.3826,-120.447
1375,Washington,2020.0,5,0.06553911205073996,47.3826,-120.447
1376,Washington,2020.0,6,0.06652601969057666,47.3826,-120.447
1377,Washington,2020.0,7,0.06772068511198946,47.3826,-120.447
1378,Washington,2020.0,8,0.0641629711751663,47.3826,-120.447
1379,Washington,2020.0,9,0.061260210035005834,47.3826,-120.447
